Name,Race,RaceImg,Appr,Lvl,Undead,Tameble,Wz1,CoolEye,Exp,HP,MP,Wz2,Wz3,Ac,FireMAC,IceMAC,LightMAC,WindMAC,HolyMAC,DarkMAC,PhantomMAC,Dc,DcMax,McType,Mc,McMax,Speed,Hit,WALK_SPD,WalkWait,WalkStep,ATTACK_SPD,Wz4,UnKnow,OrgName
阿龙怪,128,19,182,79,0,0,0,100,10000,5000,0,22,22,38,3,2,1,-3,-4,5,-2,230,250,1,230,250,23,25,1200,0,1,1300,12,,狮王商业服务端
暗黑战士,93,22,46,25,0,1,0,10,320,240,0,0,0,6,0,0,0,0,0,0,0,14,28,0,0,0,15,17,1000,0,1,1800,0,,狮王商业服务端
暗黑战士0,93,22,46,25,0,1,0,20,320,240,0,0,0,6,0,0,0,0,0,0,0,14,28,0,0,0,15,17,1000,0,1,1800,0,,狮王商业服务端
暗黑战士4,52,21,26,150,0,0,0,100,999,9999,0,0,0,11,0,0,0,0,0,0,0,900,900,0,0,0,5,25,5,5,5,5,0,,狮王商业服务端
暗黑战士40,93,22,46,25,0,1,0,10,320,240,0,4,4,13,0,0,0,0,0,0,0,23,46,0,0,0,15,17,1000,0,1,1800,0,,狮王商业服务端
暗黑战士61,93,22,46,25,0,1,0,0,1,240,0,4,4,6,0,0,0,0,0,0,0,14,28,0,0,0,15,17,1000,0,1,1800,0,,狮王商业服务端
暗天血魔2,228,37,2050,99,0,0,0,150,20000,12000,0,60,60,140,-1,5,3,3,-3,3,-2,235,280,6,205,248,23,25,400,0,1,600,10,,狮王商业服务端
八脚首领,97,19,112,76,0,0,5,100,6000,3000,0,16,16,25,0,-2,3,0,3,-2,0,49,77,0,0,0,23,25,1000,0,1,1500,10,,狮王商业服务端
霸群大怪,209,19,187,10,0,0,0,0,20,20,0,0,0,200,0,0,0,0,0,0,0,0,0,0,0,0,0,0,0,0,0,0,0,,狮王商业服务端
霸王教主,226,19,120,96,1,0,0,100,20000,12000,0,63,63,124,3,5,-2,5,0,5,5,253,275,3,200,250,23,25,800,0,1,1200,10,,狮王商业服务端
霸王教主02,226,19,120,95,1,0,0,100,20000,12000,0,63,63,124,-1,4,-4,5,-2,5,5,253,275,3,152,218,23,25,800,0,1,1200,10,NULL,狮王商业服务端
霸王教主1,226,19,120,95,1,0,0,100,20000,12000,0,63,63,124,-1,4,-4,5,-2,5,5,253,275,3,152,218,23,25,800,0,1,1200,10,,狮王商业服务端
霸王教主10,226,19,120,96,1,0,0,100,15000,10000,0,43,43,60,3,5,-3,5,-1,5,5,150,190,3,120,150,23,25,800,0,1,1200,10,NULL,狮王商业服务端
霸王教主2,226,19,120,96,1,0,0,100,25000,15000,0,120,120,175,3,5,0,5,1,5,5,253,255,3,255,255,23,25,600,0,1,800,10,,狮王商业服务端
霸王教主9,226,19,120,96,1,0,0,100,15000,10000,0,43,43,60,3,5,-3,5,-1,5,5,150,190,3,120,150,23,25,800,0,1,1200,10,,狮王商业服务端
霸王守卫,230,19,10,80,1,0,0,100,20000,8000,0,44,44,125,-1,4,-4,5,-2,5,5,187,253,7,187,253,23,25,1000,0,1,1500,10,,狮王商业服务端
霸王守卫2,230,19,10,80,1,0,0,100,20000,10000,0,94,94,150,1,4,-2,5,0,5,5,227,253,7,227,253,23,25,1000,0,1,1500,10,,狮王商业服务端
霸王守卫9,230,19,10,80,1,0,0,100,20000,8000,0,33,33,56,-1,4,-4,5,-2,5,5,165,220,7,165,220,23,25,1000,0,1,1500,10,,狮王商业服务端
白马,150,19,117,120,0,0,0,0,5,1000,0,0,0,0,0,0,0,0,0,0,0,0,0,0,0,0,7,4,500,0,1,2000,0,,狮王商业服务端
白野猪,208,19,78,75,1,0,0,100,5000,2500,0,13,13,20,0,0,0,0,0,0,0,44,66,4,44,55,23,25,1000,0,1,1500,10,,狮王商业服务端
半兽人,83,19,22,13,0,1,0,0,30,30,0,0,0,1,0,0,0,0,0,0,0,4,8,0,0,0,10,12,1500,0,1,2500,0,,狮王商业服务端
半兽人0,83,19,22,13,0,1,0,10,30,30,0,0,0,1,0,0,0,0,0,0,0,4,8,0,0,0,10,12,1500,0,1,2500,0,,狮王商业服务端
半兽人61,83,19,22,13,0,1,0,0,1,30,0,0,0,1,0,0,0,0,0,0,0,4,8,0,0,0,10,12,1500,0,1,2500,0,,狮王商业服务端
半兽人9,83,19,22,99,0,0,0,0,30,300,0,0,0,2,0,0,0,0,0,0,0,22,44,0,0,0,10,12,1500,0,1,2500,0,,狮王商业服务端
半兽勇士,97,19,24,70,0,0,5,100,1200,600,0,3,3,9,0,0,0,0,0,0,0,16,55,0,0,0,23,25,1000,0,1,1500,10,,狮王商业服务端
半兽勇士61,81,19,24,70,0,0,0,100,1,300,0,3,3,7,0,0,0,0,0,0,0,4,25,0,0,0,20,22,1000,0,1,1500,0,,狮王商业服务端
半兽勇士9,97,19,24,99,0,0,5,100,600,3000,0,3,3,7,0,0,0,0,0,0,0,49,165,0,0,0,23,25,1000,0,1,1500,10,,狮王商业服务端
半兽战士,81,19,23,13,0,1,0,0,50,50,0,0,0,1,0,0,0,0,0,0,0,4,12,0,0,0,10,12,1500,0,1,2000,0,,狮王商业服务端
半兽战士0,81,19,23,13,0,1,0,10,50,50,0,0,0,1,0,0,0,0,0,0,0,4,12,0,0,0,10,12,1500,0,1,2000,0,,狮王商业服务端
半兽战士4,52,21,26,150,0,0,0,100,1,9999,0,5,5,11,0,0,0,0,0,0,0,900,900,0,0,0,5,25,5,5,5,5,0,,狮王商业服务端
半兽战士61,81,19,23,13,0,1,0,0,1,50,0,0,0,1,0,0,0,0,0,0,0,4,12,0,0,0,10,12,1500,0,1,2000,0,,狮王商业服务端
半兽战士9,81,19,23,99,0,0,0,0,50,500,0,0,0,2,0,0,0,0,0,0,0,22,66,0,0,0,10,12,1500,0,1,2000,0,,狮王商业服务端
胞眼虫1,81,19,147,20,0,1,0,0,200,120,0,0,0,5,0,0,0,0,0,0,0,11,21,0,0,0,13,15,1400,0,1,2000,0,,狮王商业服务端
胞眼虫10,81,19,147,20,0,1,0,10,200,120,0,0,0,5,0,0,0,0,0,0,0,11,21,0,0,0,13,15,1400,0,1,2000,0,,狮王商业服务端
胞眼虫2,81,19,148,20,0,1,0,0,200,120,0,0,0,5,0,0,0,0,0,0,0,11,21,0,0,0,13,15,1400,0,1,2000,0,,狮王商业服务端
胞眼虫20,81,19,148,20,0,1,0,10,200,120,0,0,0,5,0,0,0,0,0,0,0,11,21,0,0,0,13,15,1400,0,1,2000,0,,狮王商业服务端
爆毒蚂蚁,93,19,96,25,0,0,0,10,320,240,0,0,0,6,0,0,0,0,0,0,0,16,26,0,0,0,15,17,1800,0,1,2700,0,,狮王商业服务端
爆毒蚂蚁0,93,19,96,25,0,1,0,20,320,240,0,0,0,6,0,0,0,0,0,0,0,14,26,0,0,0,15,17,1800,0,1,2700,0,,狮王商业服务端
爆毒蚂蚁4,52,21,26,150,0,0,0,100,1,9999,0,0,0,11,0,0,0,0,0,0,0,900,900,0,0,0,5,25,5,5,5,5,0,,狮王商业服务端
爆毒神魔,228,37,93,60,1,0,0,60,9800,2600,0,23,23,53,-3,5,-4,5,-3,5,5,0,0,6,107,165,18,22,1500,0,1,1800,10,,狮王商业服务端
爆毒神魔2,228,37,93,70,1,0,0,70,12800,3100,0,83,83,113,0,5,-1,5,0,5,5,0,0,6,230,250,18,22,1500,0,1,1800,10,,狮王商业服务端
爆毒神魔66,228,37,93,70,1,0,0,70,12800,3100,0,83,83,113,0,5,-1,5,0,5,5,0,0,6,230,250,18,22,1500,0,1,1800,10,NULL,狮王商业服务端
爆裂蜘蛛,117,36,105,35,0,0,2,100,1,5,0,0,0,0,0,0,0,0,0,0,0,28,42,6,28,42,18,21,400,0,1,0,0,,狮王商业服务端
蝙蝠,81,31,74,30,0,0,0,100,1,3,0,0,0,0,0,0,0,0,0,0,0,0,23,0,0,0,18,19,1500,0,1,2000,0,,狮王商业服务端
变异丑蜥,208,19,193,80,0,0,0,65,8600,3800,0,40,40,90,1,-1,5,-3,-2,2,-4,180,200,0,160,220,40,20,800,0,1,1200,10,NULL,狮王商业服务端
变异丑蜥66,208,19,193,80,0,0,0,65,8600,3800,0,40,40,90,1,-1,5,-3,-2,2,-4,180,200,0,160,220,40,20,800,0,1,1200,10,NULL,狮王商业服务端
变异刺骨蜥,81,19,192,80,0,0,0,60,8400,3700,0,35,35,90,3,-3,1,-2,-2,0,-2,180,220,1,180,220,40,20,700,0,1,1200,10,NULL,狮王商业服务端
变异刺骨蜥66,81,19,192,80,0,0,0,60,8400,3700,0,35,35,90,3,-3,1,-2,-2,0,-2,180,220,1,180,220,40,20,700,0,1,1200,10,NULL,狮王商业服务端
变异毒蜥,228,19,194,80,1,0,0,60,8800,3900,0,40,45,60,0,-2,1,-4,-1,1,-2,160,210,6,180,180,40,20,700,0,1,1200,10,NULL,狮王商业服务端
变异骷髅,100,19,56,17,1,0,0,0,1,100,0,5,5,10,2,2,2,2,-2,-2,-2,6,14,7,6,14,12,14,400,0,1,2300,0,,狮王商业服务端
变异利爪蜥,83,19,199,80,0,0,0,100,9600,4200,0,35,35,70,2,-1,5,-3,-1,0,-3,118,186,0,1,10,40,20,500,0,1,1200,10,NULL,狮王商业服务端
变异迅猛蜥,81,19,191,80,0,0,0,80,8200,3600,0,45,45,90,1,-2,3,-3,-1,1,-3,160,190,0,160,200,50,20,600,0,1,1200,10,NULL,狮王商业服务端
冰城帝王,228,37,2050,99,0,0,0,150,12000,14000,0,60,60,140,-1,5,-3,3,-3,2,-2,205,248,6,205,248,23,25,400,0,1,600,10,,狮王商业服务端
冰城帝王02,228,37,2050,99,0,0,0,150,12000,14000,0,60,60,100,-1,5,-3,3,-3,2,-2,165,208,6,165,208,23,25,800,0,1,1000,10,NULL,狮王商业服务端
冰城帝王1,228,37,2050,99,0,0,0,150,12000,14000,0,60,60,100,-1,5,-3,3,-3,2,-2,165,208,6,165,208,23,25,800,0,1,1000,10,,狮王商业服务端
冰城帝王10,228,37,2050,99,0,0,0,150,12000,14000,0,60,60,100,-1,5,-3,3,-3,2,-2,165,208,6,165,208,23,25,800,0,1,1000,10,NULL,狮王商业服务端
冰城守护神1,204,37,172,80,1,0,0,100,20000,8000,20,50,50,125,-2,5,1,3,4,-3,-2,190,240,3,185,248,18,18,1200,0,1,1200,10,,狮王商业服务端
冰城王后,92,21,198,95,0,0,0,150,12000,12000,0,45,45,120,-2,3,-4,2,-4,2,-3,180,220,3,100,160,23,25,1100,0,1,1200,10,,狮王商业服务端
冰城王后1,92,21,198,95,0,0,0,150,12000,12000,0,45,45,80,-2,3,-4,2,-4,2,-3,140,180,3,100,160,23,25,1100,0,1,1200,10,,狮王商业服务端
冰城王后10,92,21,198,95,0,0,0,150,12000,12000,0,45,45,80,-2,3,-4,2,-4,2,-3,140,180,3,100,160,23,25,1100,0,1,1200,10,NULL,狮王商业服务端
冰宫法师,204,19,2020,85,1,0,0,100,7000,3000,0,35,35,70,-1,5,-4,2,-3,3,-4,175,100,3,175,200,14,18,1500,0,1,1500,10,,狮王商业服务端
冰宫法师66,204,19,202,100,1,0,0,110,22000,3400,0,45,45,70,4,5,2,-3,2,-2,-3,66,110,3,66,110,14,18,1500,0,1,1500,10,NULL,狮王商业服务端
冰宫骑士,208,19,2040,80,0,0,0,90,9000,3200,0,45,45,60,-4,4,-2,3,-5,2,-1,140,180,0,0,0,12,18,1000,1,1,1000,10,,狮王商业服务端
冰宫骑士66,208,19,204,100,0,0,0,110,22000,3800,0,55,55,85,3,4,2,0,-2,-2,-1,60,140,0,60,140,12,18,1000,1,1,1000,10,NULL,狮王商业服务端
冰宫守卫,119,19,170,80,1,0,0,80,8600,3000,0,45,45,75,-4,5,-2,0,-5,3,-1,120,185,6,120,185,18,20,1000,0,1,1000,10,,狮王商业服务端
冰宫守卫66,104,45,170,100,1,0,0,110,24400,3900,0,55,55,80,3,5,-2,-1,-1,-1,-1,60,130,6,60,130,18,20,1000,0,1,1000,10,NULL,狮王商业服务端
冰宫巫师,213,19,2030,80,1,0,0,80,8000,2600,0,35,35,105,-1,5,-4,2,-3,3,-4,175,225,1,175,225,16,20,1500,0,1,1500,10,,狮王商业服务端
冰宫巫师66,213,19,203,100,1,0,0,110,24000,3200,0,45,45,70,5,5,-3,-3,1,-1,-3,60,120,1,60,120,16,20,1500,0,1,1500,10,NULL,狮王商业服务端
冰原火猪,228,19,171,60,0,0,0,100,4000,2700,0,30,30,40,-2,4,-5,4,-4,4,-1,70,130,6,125,185,10,10,1300,0,1,1200,10,,狮王商业服务端
冰原雪狼,81,19,2080,60,0,0,0,40,2800,1600,0,35,35,60,-4,3,2,4,-2,5,-1,95,135,0,0,0,10,10,1500,0,0,1500,10,,狮王商业服务端
冰原勇士,221,19,2060,75,0,0,0,80,8000,3000,0,35,35,100,1,2,-5,4,-4,4,-1,165,205,6,165,205,18,22,1000,0,1,1500,10,,狮王商业服务端
冰原战士,216,19,2090,80,0,0,0,100,9000,5400,0,25,25,70,-3,2,-1,2,4,-5,2,160,190,7,170,205,14,18,1000,0,1,1000,10,,狮王商业服务端
冰之射手,93,22,2010,70,1,0,0,50,8000,2400,0,35,35,85,-3,5,-1,2,-2,2,-3,120,180,0,0,0,10,10,1200,0,0,1000,10,,狮王商业服务端
不死雄狮,97,19,44,74,1,0,5,100,2000,1000,0,11,11,11,0,0,0,0,0,0,0,38,55,0,0,0,23,25,1000,0,1,1500,10,,狮王商业服务端
柴三郎,211,11,125,100,0,0,0,0,5,300,0,11,11,16,0,0,0,0,0,0,0,0,0,5,22,38,7,4,900,0,1,4000,0,,狮王商业服务端
超级蛋蛋,207,19,125,35,0,1,0,0,300,2500,0,0,0,20,2,2,2,2,2,2,0,0,0,5,20,100,15,17,1000,0,1,2000,0,,狮王商业服务端
超级黑野猪,423,216,19,150,90,1,0,100,12000,6000,0,25,25,90,2,5,4,5,4,4,2,120,180,7,0,0,140,50,400,0,1,2200,0,,狮王商业服务端
超级圣诞树,209,19,153,120,0,0,0,0,10,20000,0,0,0,0,0,0,0,0,0,0,0,0,0,0,0,0,0,0,0,0,0,0,0,,狮王商业服务端
超强骷髅,210,25,56,33,1,0,0,0,1,180,0,12,12,22,2,2,2,2,-2,-2,-2,9,16,7,8,15,18,20,400,0,1,2000,0,,狮王商业服务端
赤黄猪王,216,19,150,76,1,0,0,100,1000,4000,0,16,16,36,0,0,0,0,0,0,0,33,77,7,33,77,23,25,1500,0,1,2000,0,,狮王商业服务端
赤血恶魔,97,19,109,40,1,0,5,10,620,460,0,6,6,8,2,0,-2,0,-2,2,0,33,48,0,0,0,18,22,1200,0,1,1500,0,,狮王商业服务端
赤血恶魔0,97,19,109,40,1,0,5,20,620,460,0,6,6,8,2,0,-2,0,-2,2,0,33,48,0,0,0,18,22,1200,0,1,1500,0,,狮王商业服务端
赤血恶魔4,52,21,26,150,0,0,0,100,1,9999,0,0,0,11,0,0,0,0,0,0,0,900,900,0,0,0,5,25,5,5,5,5,0,,狮王商业服务端
赤血恶魔50,97,19,109,40,1,0,5,10,620,460,0,8,8,17,2,0,-2,0,-2,2,0,53,77,0,0,0,18,22,1200,0,1,1500,0,,狮王商业服务端
赤月恶魔,115,34,104,93,1,0,0,100,13000,9750,0,52,52,105,4,0,-3,0,-3,4,0,110,200,0,0,0,23,25,0,0,0,1500,15,,狮王商业服务端
赤月恶魔1,115,34,104,93,1,0,0,100,13000,9750,0,52,52,105,4,0,-3,0,-3,4,0,110,200,0,0,0,23,25,0,0,0,1500,15,,狮王商业服务端
赤月恶魔10,115,34,104,93,1,0,0,100,11000,7750,0,32,32,60,4,0,-4,0,-4,4,0,80,120,0,0,0,23,25,0,0,0,1500,15,NULL,狮王商业服务端
赤月恶魔9,115,34,104,93,1,0,0,100,11000,7750,0,32,32,60,4,0,-4,0,-4,4,0,80,120,0,0,0,23,25,0,0,0,1500,15,,狮王商业服务端
触角神魔,228,19,2,60,1,0,0,60,9600,2500,0,20,20,53,-1,3,-4,5,-3,5,5,0,0,3,99,107,18,22,1300,0,1,1400,10,,狮王商业服务端
触角神魔2,228,19,2,70,1,0,0,70,12600,3000,0,80,80,106,1,5,-1,5,-1,5,5,0,0,3,220,245,18,22,1300,0,1,1400,10,,狮王商业服务端
触龙神,107,33,67,91,0,0,0,100,9000,6750,0,85,85,240,0,0,0,0,0,0,0,140,195,6,140,217,23,25,0,0,0,1500,6,,狮王商业服务端
触龙神02,107,33,67,91,0,0,0,100,9000,6750,0,85,85,240,0,0,0,0,0,0,0,110,165,6,110,187,23,25,0,0,0,1500,6,NULL,狮王商业服务端
触龙神1,107,33,67,91,0,0,0,100,9000,6750,0,85,85,240,0,0,0,0,0,0,0,110,165,6,110,187,23,25,0,0,0,1500,6,,狮王商业服务端
触龙神10,107,33,67,91,0,0,0,100,9000,6750,0,75,75,220,0,0,0,0,0,0,0,100,140,6,100,140,23,25,0,0,0,1500,6,NULL,狮王商业服务端
触龙神9,107,33,67,91,0,0,0,100,9000,6750,0,75,75,220,0,0,0,0,0,0,0,100,140,6,100,140,23,25,0,0,0,1500,6,,狮王商业服务端
雌诺玛,52,11,175,4,0,0,5,0,450,250,0,0,5,10,0,0,0,0,0,0,0,0,4,0,0,0,5,10,900,0,1,3000,0,,狮王商业服务端
丛林战士1,11,19,165,150,0,0,0,100,1,9999,0,220,220,220,5,5,5,5,5,5,5,165,165,0,0,0,200,200,0,0,0,2000,0,,狮王商业服务端
丛林战士2,11,19,166,150,0,0,0,100,1,9999,0,220,220,220,5,5,5,5,5,5,5,165,165,0,0,0,200,200,0,0,0,2000,0,,狮王商业服务端
大法老,204,19,13,76,0,0,0,100,6000,3000,0,16,16,25,0,3,0,-2,3,-2,0,49,77,3,49,66,23,25,1000,0,1,1500,10,,狮王商业服务端
大老鼠,97,19,81,45,0,0,5,30,2300,1150,0,4,4,11,-4,-1,5,5,5,-5,-1,37,54,0,0,0,18,22,1100,0,1,2000,0,,狮王商业服务端
大老鼠0,97,19,81,45,0,0,5,40,2300,1150,0,4,4,11,-4,-1,5,5,5,-5,-1,37,54,0,0,0,18,22,1100,0,1,2000,0,,狮王商业服务端
大老鼠4,52,21,26,150,0,0,0,100,1,9999,0,0,0,11,0,0,0,0,0,0,0,900,900,0,0,0,5,25,5,5,5,5,0,,狮王商业服务端
单腿诺玛,52,11,177,4,0,0,5,0,450,250,0,0,5,10,0,0,0,0,0,0,0,0,4,0,0,0,5,10,1200,0,1,3000,0,,狮王商业服务端
稻草人,83,18,40,10,1,0,0,0,18,18,0,0,0,0,0,0,0,0,0,0,0,2,5,0,0,0,9,7,1500,0,1,2500,0,,狮王商业服务端
稻草人0,83,18,40,10,1,0,0,10,18,18,0,0,0,0,0,0,0,0,0,0,0,2,5,0,0,0,9,11,1500,0,1,2500,0,,狮王商业服务端
地牢女神1,118,19,162,50,0,0,0,50,4000,1800,0,13,13,15,-3,4,4,-3,-4,5,-2,44,55,6,44,55,18,21,1300,0,1,1200,0,,狮王商业服务端
地牢女神10,118,19,162,50,0,0,0,60,4000,1800,0,13,13,15,-3,4,4,-3,-4,5,-2,44,55,6,44,55,18,21,1300,0,1,1200,0,,狮王商业服务端
地牢女神2,119,19,163,50,0,0,0,50,4100,1500,0,13,13,15,-3,4,4,-3,-4,5,-2,44,55,6,44,55,18,21,1000,0,1,1200,0,,狮王商业服务端
地牢女神20,119,19,163,50,0,0,0,60,4100,1500,0,13,13,15,-3,4,4,-3,-4,5,-2,44,55,6,44,55,18,21,1000,0,1,1200,0,,狮王商业服务端
地牢女神4,118,19,162,52,0,0,0,50,6000,2700,0,13,13,18,-3,4,4,-3,-4,5,-2,55,66,6,55,66,18,21,1300,0,1,1200,0,NULL,狮王商业服务端
地牢女神5,118,19,162,52,0,0,0,50,6000,2700,0,13,13,18,-3,4,4,-3,-4,5,-2,55,66,6,55,66,18,21,1300,0,1,1200,0,,狮王商业服务端
地牢女神50,118,19,162,52,0,0,0,60,6000,2700,0,13,13,18,-3,4,4,-3,-4,5,-2,55,66,6,55,66,18,21,1300,0,1,1200,0,,狮王商业服务端
地牢女神6,119,19,163,52,0,0,0,50,6100,2200,0,13,13,18,-3,4,4,-3,-4,5,-2,55,66,6,55,66,18,21,1000,0,1,1200,0,,狮王商业服务端
地牢女神60,119,19,163,52,0,0,0,60,6100,2200,0,13,13,18,-3,4,4,-3,-4,5,-2,55,66,6,55,66,18,21,1000,0,1,1200,0,,狮王商业服务端
地牢女神66,118,19,162,55,0,0,0,55,7600,1800,0,5,5,16,-3,4,4,-3,-4,5,-2,40,50,6,40,50,16,22,1100,0,1,1200,0,NULL,狮王商业服务端
地牢女神88,118,19,162,55,0,0,0,55,0,13000,2800,0,5,5,30,-3,4,4,-3,-5,5,-2,40,50,6,40,50,16,22,1100,0,1,1200,0,0
地天灭王,226,19,186,100,0,0,0,200,20000,16000,0,65,65,140,5,-2,5,-4,-1,4,-2,240,280,4,210,260,40,25,900,0,1,1200,10,NULL,狮王商业服务端
地天灭王02,226,19,186,100,0,0,0,200,20000,16000,0,65,65,140,5,-2,5,-4,-1,4,-2,240,280,4,210,260,40,25,900,0,1,1200,10,NULL,狮王商业服务端
地天灭王10,226,19,186,100,0,0,0,200,20000,16000,0,65,65,140,5,-2,5,-4,-1,4,-2,240,280,4,210,260,40,25,900,0,1,1200,10,NULL,狮王商业服务端
地狱之逃跑僧侣,95,41,49,20,1,0,5,0,0,250,140,0,0,0,4,0,0,0,0,0,0,0,10,20,0,0,0,13,15,2000,0,1,3000,0,0
钉耙猫,81,17,39,10,0,1,0,0,20,20,0,0,0,0,0,0,0,0,0,0,0,2,7,0,0,0,9,11,1500,0,1,2500,0,,狮王商业服务端
钉耙猫0,81,17,39,10,0,1,0,10,20,20,0,0,0,0,0,0,0,0,0,0,0,2,7,0,0,0,9,11,1500,0,1,2500,0,,狮王商业服务端
洞蛆,90,16,37,20,0,1,0,0,160,100,0,0,0,6,0,0,0,0,0,0,0,11,11,6,10,10,13,15,1600,0,1,2500,0,,狮王商业服务端
洞蛆61,90,16,37,20,0,1,0,0,1,100,0,4,4,5,0,0,0,0,0,0,0,11,11,6,10,10,13,15,1600,0,1,2500,0,,狮王商业服务端
毒蜘蛛,82,19,25,10,0,1,0,0,22,22,0,0,0,0,0,0,0,0,0,0,0,2,9,6,2,9,9,11,1000,0,1,2500,0,,狮王商业服务端
毒蜘蛛4,52,21,26,150,0,0,0,100,1,9999,0,0,0,11,0,0,0,0,0,0,0,900,900,0,0,0,5,25,5,5,5,5,0,,狮王商业服务端
毒蜘蛛61,82,19,25,10,0,1,0,0,22,22,0,0,0,0,0,0,0,0,0,0,0,2,9,6,2,9,9,11,1000,0,1,2500,0,,狮王商业服务端
独臂诺玛,52,11,178,4,0,0,5,0,450,250,0,0,5,10,0,0,0,0,0,0,0,0,4,0,0,0,5,10,900,0,1,3000,0,,狮王商业服务端
独眼蜘蛛,81,19,102,35,0,1,2,0,490,330,0,3,3,8,0,-1,1,0,1,-1,0,29,45,0,0,0,18,21,1500,0,1,1600,0,,狮王商业服务端
独眼蜘蛛0,81,19,102,35,0,1,2,10,490,330,0,3,3,8,0,-1,1,0,1,-1,0,29,45,0,0,0,18,21,1500,0,1,1600,0,,狮王商业服务端
多钩猫,81,17,38,10,0,1,0,0,20,20,0,0,0,0,0,0,0,0,0,0,0,2,7,0,0,0,9,11,1500,0,1,2500,0,,狮王商业服务端
多钩猫0,81,17,38,10,0,1,0,10,20,20,0,0,0,0,0,0,0,0,0,0,0,2,7,0,0,0,9,11,1500,0,1,2500,0,,狮王商业服务端
多角虫,81,19,63,13,0,1,0,0,30,30,0,0,0,1,0,0,0,0,0,0,0,4,8,0,0,0,10,12,1400,0,1,2500,0,,狮王商业服务端
多角虫0,81,19,63,13,0,1,0,10,30,30,0,0,0,1,0,0,0,0,0,0,0,4,8,0,0,0,10,12,1400,0,1,2500,0,,狮王商业服务端
多脚虫1,104,45,145,20,0,1,0,0,180,100,0,0,0,5,0,0,0,0,0,0,0,12,16,0,0,0,13,15,1700,0,1,2200,0,,狮王商业服务端
多脚虫10,104,45,145,20,0,1,0,10,180,100,0,0,0,5,0,0,0,0,0,0,0,12,16,0,0,0,13,15,1700,0,1,2200,0,,狮王商业服务端
多脚虫2,104,45,146,20,0,1,0,0,180,100,0,0,0,5,0,0,0,0,0,0,0,12,16,0,0,0,13,15,1700,0,1,2200,0,,狮王商业服务端
多脚虫20,104,45,146,20,0,1,0,10,180,100,0,0,0,5,0,0,0,0,0,0,0,12,16,0,0,0,13,15,1700,0,1,2200,0,,狮王商业服务端
恶形鬼,97,19,92,60,1,0,0,60,7600,2400,0,29,29,66,-3,5,-4,5,-3,5,5,66,240,0,0,0,18,22,1300,0,1,1800,0,,狮王商业服务端
废墟恶魔,115,34,109,93,1,0,0,100,30000,30000,0,52,52,105,4,0,-3,0,-3,4,0,110,200,0,0,0,23,25,1000,0,1,1500,15,NULL,王者软件
废墟教主,226,19,120,255,1,0,0,100,20000,34000,0,63,63,124,3,5,-1,5,0,5,5,255,255,3,255,255,15,25,800,0,1,900,10,NULL,王者软件
废墟龙神,107,33,67,91,0,0,0,100,9000,6750,0,65,65,220,0,0,0,0,0,0,0,140,195,6,140,217,23,25,0,0,0,1500,6,NULL,王者软件
废墟魔神,223,19,162,95,0,0,0,100,30000,30000,0,60,60,110,-1,5,-1,5,-2,5,4,220,275,6,160,215,23,25,800,0,1,1500,10,NULL,王者软件
废墟骑士,215,19,133,94,1,0,0,100,14000,30000,0,56,56,110,5,-2,5,1,0,5,3,220,290,4,186,233,23,25,1000,0,1,1500,10,NULL,王者软件
废墟守卫,102,49,83,94,1,0,0,100,30000,30000,0,55,55,115,-2,2,5,5,5,-1,0,154,253,1,180,240,23,25,1000,0,1,1500,10,NULL,王者软件
废墟勇士,92,21,77,90,1,0,0,100,30000,30000,0,39,39,92,0,0,0,0,0,0,0,180,210,3,129,151,10,25,150,1,0,800,10,NULL,王者软件
粪虫,106,53,47,25,1,0,0,10,260,180,0,0,0,6,0,0,0,0,0,0,0,15,24,6,16,23,15,17,1500,0,1,2500,0,,狮王商业服务端
疯狂魔神盗,219,19,157,78,0,0,0,100,8000,4000,0,22,22,37,4,5,-1,-4,5,-3,-1,60,99,6,60,88,23,25,1000,0,1,1500,10,,狮王商业服务端
腐蚀人鬼,119,19,132,25,1,0,0,0,290,210,0,0,0,6,0,0,0,0,0,0,0,15,26,6,14,24,15,17,2000,0,1,1300,0,,狮王商业服务端
腐蚀人鬼0,119,19,132,25,1,0,0,10,290,210,0,0,0,6,0,0,0,0,0,0,0,15,26,6,14,24,15,17,2000,0,1,1300,0,,狮王商业服务端
高者宝宝,228,0,3,65,0,0,0,100,0,10,1900,0,24,24,24,2,2,2,2,2,2,2,30,40,7,15,30,18,25,400,0,1,1000,10,0
高者分身,228,0,3,80,1,0,0,80,8600,3000,0,45,45,75,-4,5,-2,0,-5,3,-1,120,185,6,120,185,18,20,1000,0,1,1000,10,NULL,狮王商业服务端
蛤蟆,83,19,27,10,0,1,0,0,19,19,0,0,0,0,0,0,0,0,0,0,0,2,6,0,0,0,9,11,1500,0,1,2500,0,,狮王商业服务端
蛤蟆0,83,19,27,10,0,1,0,10,19,19,0,0,0,0,0,0,0,0,0,0,0,2,6,0,0,0,9,11,1500,0,1,2500,0,,狮王商业服务端
弓箭手,112,45,86,150,0,0,0,0,1,5000,0,22,22,22,5,5,5,5,5,5,5,17,33,0,0,0,18,15,500,0,0,1200,0,,狮王商业服务端
弓箭守卫,112,45,86,150,0,0,0,0,1,5000,0,33,33,33,5,5,5,5,5,5,5,33,55,0,0,0,18,15,0,0,0,1200,0,,狮王商业服务端
骨鬼将,97,19,140,75,1,0,5,100,5000,2500,0,13,13,20,0,0,0,0,0,0,0,44,66,0,0,0,23,25,1000,0,1,1500,10,,狮王商业服务端
海神将领,201,19,9,50,1,0,0,60,9800,2400,0,26,26,69,-2,4,-5,5,-3,5,5,87,120,3,87,120,18,22,1200,0,1,1600,6,,狮王商业服务端
海神将领2,201,19,9,70,1,0,0,70,12800,2900,0,76,76,109,0,4,-3,5,-2,5,5,140,220,3,140,220,18,22,1200,0,1,1600,6,,狮王商业服务端
海神将领66,201,19,9,70,1,0,0,70,12800,2900,0,76,76,109,0,4,-3,5,-2,5,5,140,220,3,140,220,18,22,1200,0,1,1600,6,NULL,狮王商业服务端
寒冰守护神,204,37,172,80,1,0,0,100,20000,10000,10,50,50,125,-2,5,1,3,4,-3,-2,190,240,3,185,248,18,18,1200,0,1,1200,10,,狮王商业服务端
寒冰守护神10,204,37,172,80,1,0,0,100,20000,10000,10,50,50,125,-2,5,1,3,4,-3,-2,190,240,3,185,248,18,18,1200,0,1,1200,10,NULL,狮王商业服务端
褐色马,150,19,116,100,0,0,0,0,5,500,0,0,0,0,0,0,0,0,0,0,0,0,0,0,0,0,7,4,500,0,1,2000,0,,狮王商业服务端
黑角蜘蛛,81,19,112,35,0,1,2,0,530,370,0,3,3,8,0,-1,1,0,1,-1,0,29,50,0,0,0,18,21,1500,0,1,2000,0,,狮王商业服务端
黑角蜘蛛0,81,19,112,35,0,1,2,10,530,370,0,3,3,8,0,-1,1,0,1,-1,0,29,50,0,0,0,18,21,1500,0,1,2000,0,,狮王商业服务端
黑角蜘蛛4,52,21,26,150,0,0,0,100,1,9999,0,0,0,11,0,0,0,0,0,0,0,900,900,0,0,0,5,25,5,5,5,5,0,,狮王商业服务端
黑角蜘蛛88,81,19,112,60,0,1,2,0,0,10600,3000,0,2,2,30,0,-1,1,0,1,-1,0,45,70,0,0,0,18,21,1900,0,1,2200,0,0
黑马,150,19,118,120,0,0,0,0,5,2000,0,0,0,0,0,0,0,0,0,0,0,0,0,0,0,0,7,4,500,0,1,2000,0,,狮王商业服务端
黑色恶蛆,81,19,68,30,0,1,2,0,400,240,0,0,0,7,0,1,-2,0,0,0,0,24,38,0,0,0,18,19,600,0,1,1500,0,,狮王商业服务端
黑色恶蛆0,81,19,68,30,0,1,2,10,400,240,0,0,0,7,0,1,-2,0,0,0,0,24,38,0,0,0,18,19,600,0,1,1500,0,,狮王商业服务端
黑色恶蛆61,81,19,68,30,0,1,0,30,1,240,0,6,6,7,0,0,0,0,0,0,0,24,38,0,0,0,18,19,600,0,1,1500,0,,狮王商业服务端
黑野猪,81,19,77,30,1,0,2,0,360,200,0,0,0,11,0,0,0,0,0,0,0,24,36,0,0,0,18,19,1000,0,1,2000,0,,狮王商业服务端
黑野猪0,81,19,77,30,1,0,2,10,360,200,0,0,0,11,0,0,0,0,0,0,0,24,36,0,0,0,18,19,1000,0,1,2000,0,,狮王商业服务端
黑野猪4,52,21,26,150,0,0,0,100,1,9999,0,0,0,11,0,0,0,0,0,0,0,900,900,0,0,0,5,25,5,5,5,5,0,,狮王商业服务端
红甲虫,97,19,149,73,0,0,5,100,3000,1500,0,6,6,13,0,0,0,0,0,0,0,33,55,0,0,0,23,25,1000,0,1,1500,10,,狮王商业服务端
红蛇,81,19,54,15,0,1,0,0,70,70,0,0,0,2,0,0,0,0,0,0,0,6,12,0,0,0,11,13,1300,0,1,2300,0,,狮王商业服务端
红蛇0,81,19,54,15,0,1,0,10,70,70,0,0,0,2,0,0,0,0,0,0,0,6,12,0,0,0,11,13,1300,0,1,2300,0,,狮王商业服务端
红野猪,81,19,76,30,1,0,2,0,360,200,0,4,4,5,0,0,0,0,0,0,0,24,36,0,0,0,18,19,1200,0,1,2000,0,,狮王商业服务端
红野猪0,81,19,76,30,1,0,2,10,360,200,0,4,4,5,0,0,0,0,0,0,0,24,36,0,0,0,18,19,1200,0,1,2000,0,,狮王商业服务端
红野猪4,52,21,26,150,0,0,0,100,1,9999,0,0,0,11,0,0,0,0,0,0,0,900,900,0,0,0,5,25,5,5,5,5,0,,狮王商业服务端
红衣法师,229,19,19,60,1,0,0,70,10400,2800,0,17,17,53,-1,5,-4,5,-2,5,5,95,128,6,95,128,18,22,1500,0,1,2200,10,,狮王商业服务端
红衣法师2,229,19,19,70,1,0,0,70,13400,3300,0,87,87,103,1,5,-2,5,-1,5,5,165,198,6,185,215,18,22,1500,0,1,2200,10,,狮王商业服务端
红衣法师66,229,19,19,70,1,0,0,70,13400,3300,0,87,87,103,1,5,-2,5,-1,5,5,165,198,6,185,215,18,22,1500,0,1,2200,10,NULL,狮王商业服务端
蝴蝶虫,81,19,72,30,0,0,2,0,420,260,0,0,0,7,0,2,-1,0,0,0,-2,24,41,0,0,0,18,19,1200,0,1,2000,0,,狮王商业服务端
蝴蝶虫0,81,19,72,30,0,0,2,10,420,260,0,0,0,7,0,2,-1,0,0,0,-2,24,37,0,0,0,18,19,1200,0,1,2000,0,,狮王商业服务端
蝴蝶虫4,52,21,26,150,0,0,0,100,1,9999,0,0,0,11,0,0,0,0,0,0,0,900,900,0,0,0,5,25,5,5,5,5,0,,狮王商业服务端
蝴蝶虫61,81,19,72,30,0,0,2,0,1,260,0,0,0,7,0,2,-1,0,0,0,-2,24,41,0,0,0,18,19,1200,0,1,2000,0,,狮王商业服务端
虎蛇,81,19,57,15,0,1,0,0,70,70,0,0,0,2,0,0,0,0,0,0,0,6,12,0,0,0,11,13,1300,0,1,2300,0,,狮王商业服务端
虎蛇0,81,19,57,15,0,1,0,10,70,70,0,0,0,2,0,0,0,0,0,0,0,6,12,0,0,0,11,13,1300,0,1,2300,0,,狮王商业服务端
护法天,101,47,84,78,1,0,10,100,8000,4000,0,22,22,37,-4,0,5,5,5,-3,-2,60,99,0,0,0,23,25,1000,0,1,1400,10,,狮王商业服务端
护卫武士,212,19,55,100,0,0,0,0,1,500,0,11,11,16,0,0,0,0,0,0,0,19,35,0,0,0,18,15,500,0,0,1500,0,,狮王商业服务端
花色蜘蛛,119,19,111,35,0,1,2,0,510,350,0,3,3,8,0,-1,1,0,1,-1,0,29,47,6,29,47,18,21,1500,0,1,1800,0,,狮王商业服务端
花色蜘蛛0,119,19,111,35,0,1,2,10,510,350,0,3,3,8,0,-1,1,0,1,-1,0,29,47,6,29,47,18,21,1500,0,1,1800,0,,狮王商业服务端
花色蜘蛛4,52,21,26,150,0,0,0,100,1,9999,0,0,0,11,0,0,0,0,0,0,0,900,900,0,0,0,5,25,5,5,5,5,0,,狮王商业服务端
花色蜘蛛88,119,19,111,55,0,1,2,0,8,10200,3000,0,2,2,30,0,-1,1,0,1,-1,0,50,80,6,31,48,18,21,2000,0,1,2000,0,0
幻影蜘蛛,116,35,106,35,0,0,2,0,500,340,0,3,3,8,0,-1,1,0,1,-1,0,0,0,0,0,0,18,21,0,0,0,2500,0,,狮王商业服务端
幻影蜘蛛88,116,35,106,55,0,0,2,0,0,11000,2600,0,2,2,33,0,-1,1,0,1,-1,0,0,0,0,0,0,18,21,0,0,0,2300,0,0
灰血恶魔,97,19,110,40,1,0,5,10,620,460,0,5,5,10,2,0,-2,0,-2,2,0,33,48,0,0,0,18,22,1000,0,1,1500,0,,狮王商业服务端
灰血恶魔0,97,19,110,40,1,0,5,20,620,460,0,5,5,10,2,0,-2,0,-2,2,0,33,48,0,0,0,18,22,1000,0,1,1500,0,,狮王商业服务端
灰血恶魔4,52,21,26,150,0,0,0,100,1,9999,0,0,0,11,0,0,0,0,0,0,0,900,900,0,0,0,5,25,5,5,5,5,0,,狮王商业服务端
灰血恶魔60,97,19,110,40,1,0,5,10,620,460,0,6,6,22,2,0,-2,0,-2,2,0,53,77,0,0,0,18,22,1000,0,1,1500,0,,狮王商业服务端
会员专怪,216,19,133,100,0,1,0,40,0,10000,1000,0,5,5,11,0,0,0,0,0,0,0,14,26,2,37,56,18,22,900,0,1,2200,0,0
火龙,91,20,43,25,1,0,0,10,340,8000,0,0,0,10,0,0,0,0,0,0,0,150,200,1,15,31,15,17,1000,0,1,1000,0,,狮王商业服务端
火焰狮子,224,19,159,48,0,0,0,60,3600,1600,0,11,11,13,-4,5,5,-4,-3,5,-3,50,60,1,44,55,18,22,1500,0,1,2000,0,,狮王商业服务端
火焰狮子0,224,19,159,48,0,0,0,70,3600,1600,0,11,11,13,-4,5,5,-4,-3,5,-3,50,60,1,44,55,18,22,1500,0,1,2000,0,,狮王商业服务端
火焰狮子4,52,21,26,150,0,0,0,100,1,9999,0,0,0,11,0,0,0,0,0,0,0,900,900,0,0,0,25,25,5,5,5,5,0,,狮王商业服务端
火焰狮子5,224,19,159,50,0,0,0,60,5400,2400,0,11,11,16,-4,5,5,-4,-3,5,-3,60,60,1,55,66,18,22,1500,0,1,2000,0,,狮王商业服务端
火焰狮子50,224,19,159,50,0,0,0,70,5400,2400,0,11,11,16,-4,5,5,-4,-3,5,-3,50,60,1,55,66,18,22,1500,0,1,2000,0,,狮王商业服务端
火焰狮子66,224,19,159,55,0,0,0,55,7200,1600,0,10,10,18,-4,5,5,-4,-3,5,-3,32,42,1,30,40,16,22,2500,0,1,1500,13,NULL,狮王商业服务端
火焰狮子88,224,19,159,50,0,0,0,55,0,13000,2600,0,10,10,30,-4,5,5,-4,-5,5,-3,32,42,1,30,40,16,22,2500,0,1,1500,13,0
火焰狮子97,224,19,159,48,0,0,0,60,3600,1600,0,14,14,27,-4,5,5,-4,-3,5,-3,50,60,1,70,88,18,22,1500,0,1,2000,0,,狮王商业服务端
火焰狮子99,224,19,159,48,0,0,0,60,3600,1600,0,14,14,27,-4,5,5,-4,-3,5,-3,50,60,1,70,88,18,22,1500,0,1,2000,0,,狮王商业服务端
火焰沃玛,91,20,43,25,1,0,0,0,340,260,0,0,0,6,0,0,0,0,0,0,0,15,31,1,15,31,15,17,1000,0,1,1700,0,,狮王商业服务端
火焰沃玛0,91,20,43,25,1,0,0,10,340,260,0,0,0,6,0,0,0,0,0,0,0,15,31,1,15,31,15,17,1000,0,1,1700,0,,狮王商业服务端
火焰沃玛30,91,20,43,25,1,0,0,0,340,260,0,4,4,13,0,0,0,0,0,0,0,15,31,1,24,50,15,17,1000,0,1,1700,0,,狮王商业服务端
火焰沃玛61,91,20,43,25,1,0,0,20,1,280,0,4,4,6,0,0,0,0,0,0,0,15,31,1,15,31,15,17,1000,0,1,1700,0,,狮王商业服务端
火焰沃玛62,91,20,43,25,1,0,0,20,1,280,0,4,4,6,0,0,0,0,0,0,0,15,31,1,15,31,15,17,1000,0,1,1700,0,,狮王商业服务端
火影00,81,19,2050,99,0,0,0,100,20000,20000,0,60,60,200,5,5,-2,4,2,-2,2,200,250,0,150,200,25,25,700,0,0,700,10,NULL,王者软件
火影44,81,19,2050,99,0,0,0,100,20000,20000,0,60,60,200,5,5,-2,4,2,-2,2,200,250,0,150,200,25,25,700,0,0,700,10,NULL,王者软件
鸡,31,11,20,2,0,1,0,0,5,10,0,0,0,0,0,0,0,0,0,0,0,0,1,0,0,0,5,6,1500,0,1,3000,0,,狮王商业服务端
记事本1,209,19,534,50,0,0,0,0,2000,20,0,0,0,110,0,0,0,0,0,0,0,0,0,0,0,0,0,0,0,0,0,0,0,,狮王商业服务端
记事本2,209,19,535,50,0,0,0,0,3000,30,0,0,0,110,0,0,0,0,0,0,0,0,0,0,0,0,0,0,0,0,0,0,0,,狮王商业服务端
记事本3,209,19,536,50,0,0,0,0,4000,40,0,0,0,110,0,0,0,0,0,0,0,0,0,0,0,0,0,0,0,0,0,0,0,,狮王商业服务端
记事本4,209,19,537,50,0,0,0,0,5000,50,0,0,0,110,0,0,0,0,0,0,0,0,0,0,0,0,0,0,0,0,0,0,0,,狮王商业服务端
僵尸1,94,40,48,20,1,0,0,0,240,160,0,0,0,5,0,0,0,0,0,0,0,10,22,3,9,20,13,15,2000,0,1,3000,0,,狮王商业服务端
僵尸10,94,40,48,20,1,0,0,10,240,160,0,0,0,5,0,0,0,0,0,0,0,10,22,3,9,20,13,15,2000,0,1,3000,0,,狮王商业服务端
僵尸2,95,41,49,20,1,0,5,0,220,140,0,0,0,5,0,0,0,0,0,0,0,11,22,0,0,0,13,15,2000,0,1,3000,0,,狮王商业服务端
僵尸20,95,41,49,20,1,0,5,10,220,140,0,0,0,5,0,0,0,0,0,0,0,11,22,0,0,0,13,15,2000,0,1,3000,0,,狮王商业服务端
僵尸261,95,41,49,20,1,0,5,10,1,180,0,3,3,5,0,0,0,0,0,0,0,11,22,0,0,0,13,15,2000,0,1,3000,0,,狮王商业服务端
僵尸3,96,42,50,20,1,0,3,0,200,120,0,0,0,5,0,0,0,0,0,0,0,11,21,0,0,0,13,15,2000,0,1,3000,0,,狮王商业服务端
僵尸30,96,42,50,20,1,0,3,10,200,120,0,0,0,5,0,0,0,0,0,0,0,11,21,0,0,0,13,15,2000,0,1,3000,0,,狮王商业服务端
僵尸4,96,42,51,20,1,0,3,0,200,120,0,0,0,5,0,0,0,0,0,0,0,11,21,0,0,0,13,15,2000,0,1,3000,0,,狮王商业服务端
僵尸40,96,42,51,20,1,0,3,10,200,120,0,0,0,5,0,0,0,0,0,0,0,11,21,0,0,0,13,15,2000,0,1,3000,0,,狮王商业服务端
僵尸461,96,42,51,20,1,0,3,10,1,120,0,3,3,5,0,0,0,0,0,0,0,11,21,0,0,0,13,15,2000,0,1,3000,0,,狮王商业服务端
僵尸5,96,42,52,20,1,0,3,0,180,100,0,0,0,5,0,0,0,0,0,0,0,11,20,0,0,0,13,15,2000,0,1,3000,0,,狮王商业服务端
僵尸50,96,42,52,20,1,0,3,10,180,100,0,0,0,5,0,0,0,0,0,0,0,11,20,0,0,0,13,15,2000,0,1,3000,0,,狮王商业服务端
僵尸7,52,21,26,144,0,0,0,0,1,9999,0,0,0,11,0,0,0,0,0,0,0,900,900,0,0,0,5,25,5,5,5,5,0,,狮王商业服务端
僵尸王,81,19,53,73,1,0,0,100,1,750,0,4,4,9,0,0,0,0,0,0,0,8,30,0,0,0,20,22,1000,0,1,1500,0,,狮王商业服务端
角蝇,103,43,73,30,0,0,0,0,400,240,0,0,0,8,0,0,0,0,0,0,0,4,4,0,0,0,18,19,0,0,0,3000,0,,狮王商业服务端
角蝇80,103,43,73,30,0,0,0,0,400,240,0,4,4,16,0,0,0,0,0,0,0,6,6,0,0,0,18,19,0,0,0,3000,0,,狮王商业服务端
巨象兽,220,19,158,47,0,0,0,40,1760,1100,0,8,8,13,5,5,-1,-4,4,-5,-2,43,54,6,44,55,18,25,2000,0,1,3000,0,,狮王商业服务端
巨象兽0,220,19,158,47,0,0,0,50,1760,1100,0,8,8,13,5,5,-1,-4,4,-5,-2,43,54,6,44,55,18,25,2000,0,1,3000,0,,狮王商业服务端
巨象兽4,52,21,26,150,0,0,0,100,1,9999,0,0,0,11,0,0,0,0,0,0,0,900,900,0,0,0,5,25,5,5,5,5,0,,狮王商业服务端
巨型多角虫,97,19,64,70,0,0,5,100,400,200,0,3,3,7,0,0,0,0,0,0,0,16,55,0,0,0,23,25,1000,0,1,1500,10,,狮王商业服务端
聚宝箱1,209,19,188,99,0,0,0,0,1,20,0,0,0,220,5,5,5,5,5,5,5,0,0,0,0,0,0,0,0,0,0,0,0,,狮王商业服务端
聚宝箱2,199,19,188,99,0,0,0,0,1,30,0,0,0,220,5,5,5,5,5,5,5,0,0,0,0,0,0,0,0,0,0,0,0,,狮王商业服务端
聚宝箱3,199,19,188,99,0,0,0,0,1,50,0,0,0,220,5,5,5,5,5,5,5,0,0,0,0,0,0,0,0,0,0,0,0,,狮王商业服务端
聚宝箱4,199,19,188,99,0,0,0,0,1,100,0,0,0,220,5,5,5,5,5,5,5,0,0,0,0,0,0,0,0,0,0,0,0,,狮王商业服务端
聚宝箱5,199,19,188,99,0,0,0,0,1,100,0,0,0,220,5,5,5,5,5,5,5,0,0,0,0,0,0,0,0,0,0,0,0,,狮王商业服务端
骷髅,86,14,32,18,1,0,0,0,100,100,0,0,0,3,0,0,0,0,0,0,0,8,16,0,0,0,12,14,2300,0,1,2500,0,,狮王商业服务端
骷髅0,86,14,32,18,1,0,0,10,100,100,0,0,0,3,0,0,0,0,0,0,0,8,16,0,0,0,12,14,2300,0,1,2500,0,,狮王商业服务端
骷髅4,52,21,26,150,0,0,0,100,1,9999,0,0,0,11,0,0,0,0,0,0,0,900,900,0,0,0,5,25,5,5,5,5,0,,狮王商业服务端
骷髅61,86,14,32,18,1,0,0,0,1,100,0,1,1,3,0,0,0,0,0,0,0,8,16,0,0,0,12,14,2300,0,1,2500,0,,狮王商业服务端
骷髅9,86,14,32,99,1,0,0,0,100,1000,0,2,2,4,0,0,0,0,0,0,0,44,88,0,0,0,12,14,2300,0,1,2500,0,,狮王商业服务端
骷髅弓箭手,104,45,144,30,1,0,0,0,410,250,0,0,0,7,2,0,0,0,0,0,0,25,36,0,0,0,18,19,1100,0,1,3000,0,,狮王商业服务端
骷髅弓箭手0,104,45,144,30,1,0,0,10,410,250,0,0,0,7,2,0,0,0,0,0,0,25,36,0,0,0,18,19,1100,0,1,3000,0,,狮王商业服务端
骷髅弓箭手4,52,21,26,150,0,0,0,100,1,9999,0,0,0,11,0,0,0,0,0,0,0,900,900,0,0,0,5,25,5,5,5,5,0,,狮王商业服务端
骷髅教主,225,19,141,91,1,0,0,100,10000,7500,0,44,44,79,0,0,0,0,0,0,0,121,187,1,141,185,23,25,1000,0,1,1500,10,,狮王商业服务端
骷髅教主1,225,19,141,91,1,0,0,100,10000,7500,0,44,44,79,0,0,0,0,0,0,0,121,187,1,111,155,23,25,1000,0,1,1500,10,,狮王商业服务端
骷髅教主9,225,19,141,91,1,0,0,100,8000,6000,0,33,33,60,0,0,0,0,0,0,0,90,130,1,90,130,23,25,1000,0,1,1500,10,,狮王商业服务端
骷髅精灵,97,14,36,72,1,0,5,100,1000,500,0,5,5,9,0,0,0,0,0,0,0,27,55,0,0,0,23,25,1000,0,1,1500,10,,狮王商业服务端
骷髅精灵61,89,14,36,72,1,0,0,100,1,500,0,5,5,9,0,0,0,0,0,0,0,6,27,0,0,0,23,25,1000,0,1,1500,0,,狮王商业服务端
骷髅精灵62,89,14,36,72,1,0,0,100,1,500,0,5,5,9,0,0,0,0,0,0,0,6,27,0,0,0,20,22,1000,0,1,1500,0,,狮王商业服务端
骷髅精灵9,97,14,36,99,1,0,5,100,1000,5000,0,5,5,9,0,0,0,0,0,0,0,82,165,0,0,0,23,25,1000,0,1,1500,10,,狮王商业服务端
骷髅士兵,118,19,142,30,1,0,0,0,390,230,0,0,0,7,1,-1,0,0,0,0,0,24,37,6,22,34,18,19,800,0,1,2500,0,,狮王商业服务端
骷髅士兵0,118,19,142,30,1,0,0,10,390,230,0,0,0,7,1,-1,0,0,0,0,0,24,37,6,22,34,18,19,800,0,1,2500,0,,狮王商业服务端
骷髅士兵4,52,21,26,150,0,0,0,100,1,9999,0,0,0,11,0,0,0,0,0,0,0,900,900,0,0,0,5,25,5,5,5,5,0,,狮王商业服务端
骷髅武将,81,19,140,30,1,0,0,10,430,270,0,0,0,7,2,0,-1,0,0,-1,0,24,42,0,0,0,18,19,700,0,1,2500,0,,狮王商业服务端
骷髅武将0,81,19,140,30,1,0,0,20,430,270,0,0,0,7,2,0,-1,0,0,-1,0,24,42,0,0,0,18,19,700,0,1,2500,0,,狮王商业服务端
骷髅武士,81,19,143,30,1,0,0,0,370,210,0,0,0,7,1,-1,0,0,0,0,-1,24,37,0,0,0,18,19,900,0,1,2500,0,,狮王商业服务端
骷髅武士0,81,19,143,30,1,0,0,10,370,210,0,0,0,7,1,-1,0,0,0,0,-1,24,37,0,0,0,18,19,900,0,1,2500,0,,狮王商业服务端
骷髅战将,89,14,35,18,1,0,0,0,110,110,0,0,0,3,0,0,0,0,0,0,0,8,18,0,0,0,12,14,1800,0,1,2300,0,,狮王商业服务端
骷髅战将0,89,14,35,18,1,0,0,10,110,110,0,0,0,3,0,0,0,0,0,0,0,8,18,0,0,0,12,14,1800,0,1,2300,0,,狮王商业服务端
骷髅战将61,89,14,35,18,1,0,0,0,1,110,0,1,1,3,0,0,0,0,0,0,0,8,18,0,0,0,12,14,1800,0,1,2300,0,,狮王商业服务端
骷髅战将9,89,14,35,99,1,0,0,0,110,1100,0,2,2,4,0,0,0,0,0,0,0,44,99,0,0,0,12,14,1800,0,1,2300,0,,狮王商业服务端
骷髅战士,88,14,34,18,1,0,0,0,105,105,0,0,0,3,0,0,0,0,0,0,0,8,17,0,0,0,12,14,2000,0,1,2500,0,,狮王商业服务端
骷髅战士0,88,14,34,18,1,0,0,10,105,105,0,0,0,3,0,0,0,0,0,0,0,8,17,0,0,0,12,14,2000,0,1,2500,0,,狮王商业服务端
骷髅战士61,88,14,34,18,1,0,0,0,1,105,0,1,1,3,0,0,0,0,0,0,0,8,17,0,0,0,12,14,2000,0,1,2500,0,,狮王商业服务端
盔甲虫,81,19,60,13,0,1,0,0,35,35,0,0,0,1,0,0,0,0,0,0,0,4,9,0,0,0,10,12,1200,0,1,2500,0,,狮王商业服务端
盔甲虫0,81,19,60,13,0,1,0,10,35,35,0,0,0,1,0,0,0,0,0,0,0,4,9,0,0,0,10,12,1200,0,1,2500,0,,狮王商业服务端
盔甲蚂蚁,81,19,8,25,0,1,0,0,340,260,0,0,0,6,0,0,0,0,0,0,0,15,29,0,0,0,15,17,1400,0,1,1900,0,,狮王商业服务端
盔甲蚂蚁0,81,19,8,25,0,1,0,10,340,260,0,0,0,6,0,0,0,0,0,0,0,15,29,0,0,0,15,17,1400,0,1,1900,0,,狮王商业服务端
狼,53,19,65,15,0,1,0,0,60,60,0,0,0,2,0,0,0,0,0,0,0,6,11,0,0,0,11,13,1300,0,1,2500,0,,狮王商业服务端
浪子人鬼,97,19,138,25,1,0,5,0,310,230,0,0,0,6,0,0,0,0,0,0,0,15,29,0,0,0,15,17,2000,0,1,1300,0,,狮王商业服务端
浪子人鬼0,97,19,138,25,1,0,5,10,310,230,0,0,0,6,0,0,0,0,0,0,0,16,29,0,0,0,15,17,2000,0,1,1300,0,,狮王商业服务端
浪子人鬼4,52,21,26,151,0,0,0,100,1,9999,0,0,0,11,0,0,0,0,0,0,0,900,900,0,0,0,5,25,5,5,5,5,0,,狮王商业服务端
劳动蚂蚁,81,19,16,25,0,1,0,0,260,180,0,0,0,6,0,0,0,0,0,0,0,16,24,0,0,0,15,17,1600,0,1,2300,0,,狮王商业服务端
劳动蚂蚁0,81,19,16,25,0,1,0,10,260,180,0,0,0,6,0,0,0,0,0,0,0,16,24,0,0,0,15,17,1600,0,1,2300,0,,狮王商业服务端
老道僵尸61,94,40,48,20,1,0,0,10,1,160,0,4,4,5,0,0,0,0,0,0,0,12,24,3,11,22,14,15,2000,0,1,3000,0,,狮王商业服务端
雷电僵尸,94,40,48,20,1,0,0,10,240,160,0,4,4,5,0,0,0,0,0,0,0,12,24,3,11,22,14,15,2000,0,1,3000,0,,狮王商业服务端
栗子树,209,19,127,10,0,0,0,0,20,20,0,0,0,200,0,0,0,0,0,0,0,0,0,0,0,0,0,0,0,0,0,0,0,,狮王商业服务端
练功师,55,19,55,150,0,0,0,0,1,9999,0,0,0,0,0,0,0,0,0,0,0,2,2,0,0,0,15,15,0,0,0,2500,0,,狮王商业服务端
猎鹰,81,19,59,13,0,1,0,0,50,50,0,0,0,1,0,0,0,0,0,0,0,4,11,0,0,0,10,12,1200,0,1,2500,0,,狮王商业服务端
猎鹰0,81,19,59,13,0,1,0,10,50,50,0,0,0,1,0,0,0,0,0,0,0,4,11,0,0,0,10,12,1200,0,1,2500,0,,狮王商业服务端
玲花,211,11,124,100,0,0,0,0,5,300,0,11,11,16,0,0,0,0,0,0,0,0,0,5,22,38,7,4,900,0,1,4000,0,,狮王商业服务端
鹿,52,11,21,6,0,1,0,0,17,50,0,0,0,0,0,0,0,0,0,0,0,0,6,0,0,0,8,9,1500,0,1,3000,0,,狮王商业服务端
蚂蚁道士,207,19,7,25,0,1,0,0,300,220,0,0,0,6,0,0,0,0,0,0,0,0,0,5,6,16,15,17,2000,0,1,4000,0,,狮王商业服务端
蚂蚁道士0,207,19,7,25,0,1,0,0,300,220,0,0,0,6,0,0,0,0,0,0,0,0,0,5,6,16,15,17,2000,0,1,4000,0,,狮王商业服务端
蚂蚁将军,97,19,8,74,0,0,5,100,4000,2000,0,11,11,15,0,0,0,0,0,0,0,38,55,0,0,0,23,25,1000,0,1,1500,10,,狮王商业服务端
蚂蚁战士,81,19,14,25,0,1,0,0,280,200,0,0,0,6,0,0,0,0,0,0,0,15,25,0,0,0,15,17,1500,0,1,2100,0,,狮王商业服务端
蚂蚁战士0,81,19,14,25,0,1,0,10,280,200,0,0,0,6,0,0,0,0,0,0,0,15,25,0,0,0,15,17,1500,0,1,2100,0,,狮王商业服务端
蚂蚁战士4,52,21,26,150,0,0,0,100,1,9999,0,0,0,11,0,0,0,0,0,0,0,900,900,0,0,0,0,5,25,5,5,5,0,,狮王商业服务端
冥血魔王00,228,37,172,80,1,0,0,100,20000,20000,10,50,50,125,-2,5,1,3,4,-3,-2,220,240,3,220,248,18,18,1000,0,1,1000,10,NULL,王者软件
冥血魔王44,228,37,172,80,1,0,0,100,20000,20000,10,50,50,125,-2,5,1,3,4,-3,-2,220,240,3,220,248,18,18,1000,0,1,1000,10,NULL,王者软件
魔神怪1,104,19,156,46,0,0,0,40,1320,800,0,5,5,12,4,5,-2,-5,5,-4,-1,37,48,0,0,0,18,22,800,0,1,2200,0,,狮王商业服务端
魔神怪10,104,19,156,46,0,0,0,50,1320,800,0,5,5,12,4,5,-2,-5,5,-4,-1,37,48,0,0,0,18,22,800,0,1,2200,0,,狮王商业服务端
魔神怪2,219,19,157,46,0,0,0,40,1320,800,0,4,4,11,5,4,-1,-4,4,-3,0,21,43,6,22,44,18,21,800,0,1,1000,0,,狮王商业服务端
魔神怪20,219,19,157,46,0,0,0,50,1320,800,0,4,4,11,5,4,-1,-4,4,-3,0,21,43,6,22,44,18,21,800,0,1,1000,0,,狮王商业服务端
魔石狂热者,128,19,196,80,0,0,0,100,10000,5800,0,50,50,100,3,-2,4,-3,0,2,-2,180,240,1,150,200,50,20,800,0,1,1200,10,NULL,狮王商业服务端
魔石咆哮者,219,19,195,80,0,0,0,100,9100,5600,0,50,50,100,3,-1,4,-2,-1,2,-4,190,225,6,180,220,60,20,800,0,1,1200,10,NULL,狮王商业服务端
魔石守护神,128,19,197,80,0,0,0,200,12000,12000,0,60,60,120,3,-2,4,-4,-1,3,-2,200,250,1,200,220,30,25,700,0,1,1200,10,NULL,狮王商业服务端
木障,110,98,173,99,0,0,0,0,0,10000,0,33,33,109,5,5,5,5,5,5,5,0,0,0,0,0,15,1,0,0,1,0,0,,狮王商业服务端
男孩,211,0,1,100,0,0,0,0,0,5,300,0,10,10,15,0,0,0,0,0,0,0,0,0,5,20,35,7,4,900,0,1,4000,0,0
年兽,97,19,193,80,1,0,0,100,10000,4000,0,44,44,118,-2,4,-5,5,-3,5,5,187,253,7,187,253,23,25,1000,0,1,1500,10,,狮王商业服务端
牛,52,11,121,4,0,1,0,0,11,30,0,0,0,0,0,0,0,0,0,0,0,0,4,0,0,0,5,10,1500,0,1,3000,0,,狮王商业服务端
牛老道,97,19,44,74,1,0,5,100,1,1200,0,8,8,13,0,0,0,0,0,0,0,22,44,0,0,0,20,22,1000,0,1,1500,0,,狮王商业服务端
弩车,122,19,169,99,0,0,0,0,1,1000,0,0,0,0,0,0,0,0,0,0,0,88,143,0,0,0,1,20,800,1,1,3000,0,,狮王商业服务端
怒龙神,216,19,152,82,0,0,0,100,1000,3500,0,22,22,22,0,0,0,0,0,0,0,44,88,3,44,88,23,25,1500,0,1,3000,0,,狮王商业服务端
女孩,211,1,1,100,0,0,0,0,0,5,300,0,10,10,15,0,0,0,0,0,0,0,0,0,5,20,35,7,4,900,0,1,4000,0,0
诺玛0,81,19,18,35,0,1,0,0,500,340,0,3,3,8,0,1,0,-1,1,-1,0,29,46,0,0,0,18,21,1200,0,1,2000,0,,狮王商业服务端
诺玛00,81,19,18,35,0,1,0,10,500,340,0,3,3,8,0,1,0,-1,1,-1,0,29,46,0,0,0,18,21,1200,0,1,2000,0,,狮王商业服务端
诺玛07,81,19,18,42,0,0,5,30,1900,900,0,6,6,13,0,1,0,-1,1,-1,0,33,55,0,0,0,19,21,1200,0,1,2000,0,,狮王商业服务端
诺玛08,81,19,18,45,0,0,5,40,3200,1500,0,7,7,15,1,2,1,-1,1,-1,0,44,66,0,0,0,20,22,1100,0,1,1500,0,,狮王商业服务端
诺玛09,81,19,18,48,0,0,5,50,5000,2200,0,10,10,17,1,2,1,-1,1,-1,0,55,77,0,0,0,21,23,1000,0,1,1200,0,,狮王商业服务端
诺玛1,81,19,122,35,0,1,0,0,500,340,0,3,3,8,0,1,0,-1,1,-1,0,29,46,0,0,0,18,21,1200,0,1,2000,0,,狮王商业服务端
诺玛10,81,19,122,35,0,1,0,10,500,340,0,3,3,8,0,1,0,-1,1,-1,0,29,46,0,0,0,18,21,1200,0,1,2000,0,,狮王商业服务端
诺玛17,81,19,122,42,0,0,5,30,1900,900,0,6,6,13,0,1,0,-1,1,-1,0,33,55,0,0,0,19,21,1200,0,1,2000,0,,狮王商业服务端
诺玛18,81,19,122,45,0,0,5,40,3200,1500,0,8,8,15,1,2,1,-1,1,-1,0,44,66,0,0,0,20,22,1100,0,1,1500,0,,狮王商业服务端
诺玛19,81,19,122,48,0,0,5,50,5000,2200,0,10,10,17,1,2,1,-1,1,-1,0,55,77,0,0,0,21,23,1000,0,1,1200,0,,狮王商业服务端
诺玛2,81,19,128,35,0,1,0,0,500,340,0,3,3,8,0,1,0,-1,1,-1,0,29,46,0,0,0,18,21,1000,0,1,2000,0,,狮王商业服务端
诺玛20,81,19,128,35,0,1,0,10,500,340,0,3,3,8,0,1,0,-1,1,-1,0,29,46,0,0,0,18,21,1000,0,1,2000,0,,狮王商业服务端
诺玛27,81,19,128,42,0,0,5,30,1900,900,0,6,6,13,0,1,0,-1,1,-1,0,33,55,0,0,0,19,21,1200,0,1,2000,0,,狮王商业服务端
诺玛28,81,19,128,45,0,0,5,40,3200,1500,0,8,8,15,1,2,1,-1,1,-1,0,44,66,0,0,0,20,22,1100,0,1,1500,0,,狮王商业服务端
诺玛29,81,19,128,48,0,0,5,50,5000,2200,0,10,10,17,1,2,1,-1,1,-1,0,55,77,0,0,0,21,23,1000,0,1,1200,0,,狮王商业服务端
诺玛3,81,19,129,35,0,1,0,0,500,340,0,3,3,8,0,1,0,-1,1,-1,0,29,46,0,0,0,18,21,900,0,1,2000,0,,狮王商业服务端
诺玛30,81,19,129,35,0,1,0,10,500,340,0,3,3,8,0,1,0,-1,1,-1,0,29,46,0,0,0,18,21,900,0,1,2000,0,,狮王商业服务端
诺玛37,81,19,129,42,0,0,5,30,1900,900,0,6,6,13,0,1,0,-1,1,-1,0,33,55,0,0,0,19,21,1200,0,1,2000,0,,狮王商业服务端
诺玛38,81,19,129,45,0,0,5,40,3200,1500,0,8,8,15,1,2,1,-1,1,-1,0,44,66,0,0,0,20,22,1100,0,1,1500,0,,狮王商业服务端
诺玛39,81,19,129,48,0,0,5,50,5000,2200,0,10,10,17,1,2,1,-1,1,-1,0,55,77,0,0,0,21,23,1000,0,1,1200,0,,狮王商业服务端
诺玛4,52,21,26,150,0,0,0,100,1,9999,0,0,0,11,0,0,0,0,0,0,0,900,900,0,0,0,5,25,5,5,5,5,0,,狮王商业服务端
诺玛城门,111,98,538,100,0,0,0,0,1,20000,0,77,77,220,5,5,5,5,5,5,5,0,0,0,0,0,15,1,0,0,1,0,0,,狮王商业服务端
诺玛法老,204,19,13,35,0,1,0,10,490,330,0,2,2,9,0,1,0,-1,1,-1,0,30,42,3,30,42,18,21,1500,0,1,3500,0,,狮王商业服务端
诺玛法老0,204,19,13,35,0,1,0,20,490,330,0,2,2,9,0,1,0,-1,1,-1,0,30,42,3,30,42,18,21,1500,0,1,3500,0,,狮王商业服务端
诺玛法老4,52,21,26,150,0,0,0,100,2,9999,0,0,0,11,0,0,0,0,0,0,0,900,900,0,0,0,5,25,5,5,5,5,0,,狮王商业服务端
诺玛法老66,204,19,13,50,0,0,5,50,5500,2400,0,13,13,21,1,2,1,-1,1,-1,0,60,82,3,55,66,21,23,1500,0,1,1500,0,NULL,狮王商业服务端
诺玛法老7,204,19,13,44,0,0,5,30,2400,1100,0,9,9,16,0,1,0,-1,1,-1,0,38,60,3,33,44,19,21,1700,0,1,2500,0,,狮王商业服务端
诺玛法老8,204,19,13,47,0,0,5,40,3700,1700,0,11,11,19,1,2,1,-1,1,-1,0,49,71,3,44,55,20,22,1600,0,1,2000,0,,狮王商业服务端
诺玛法老88,204,19,13,65,0,1,0,10,0,12800,2900,0,0,0,40,0,1,0,-1,1,-1,0,50,75,3,14,25,16,21,2500,0,1,1800,10,0
诺玛法老9,204,19,13,50,0,0,5,50,5500,2400,0,13,13,21,1,2,1,-1,1,-1,0,60,82,3,55,66,21,23,1500,0,1,1500,0,,狮王商业服务端
诺玛斧兵,128,19,185,65,0,0,0,60,8800,2500,0,39,39,76,3,2,1,-3,-3,5,-3,110,210,1,110,210,18,25,800,0,1,1000,10,,狮王商业服务端
诺玛斧兵5,128,19,185,65,0,0,0,80,10800,3100,0,45,45,98,3,2,1,-3,-3,5,-3,140,240,1,150,250,18,25,800,0,1,1000,10,,狮王商业服务端
诺玛将士,81,19,17,35,0,1,0,10,540,380,0,4,4,7,0,1,0,-1,1,-1,0,29,50,0,0,0,18,21,1000,0,1,2000,0,,狮王商业服务端
诺玛将士0,81,19,17,35,0,1,0,20,540,380,0,4,4,7,0,1,0,-1,1,-1,0,29,50,0,0,0,18,21,1000,0,1,2000,0,,狮王商业服务端
诺玛将士7,81,19,17,44,0,0,5,30,2700,1300,0,10,10,17,0,1,0,-1,1,-1,0,38,66,0,0,0,19,21,1100,0,1,2200,0,,狮王商业服务端
诺玛将士8,81,19,17,47,0,0,5,40,4000,1900,0,12,12,19,1,2,1,-1,1,-1,0,45,70,0,0,0,20,22,1000,0,1,1800,0,,狮王商业服务端
诺玛将士88,81,19,17,55,0,1,0,10,0,11200,3300,0,2,2,40,0,1,0,-1,1,-1,0,45,75,0,0,0,16,21,800,0,1,1800,0,0
诺玛将士9,81,19,17,50,0,0,5,50,5800,2600,0,14,14,22,1,2,1,-1,1,-1,0,60,88,0,0,0,21,23,900,0,1,1300,0,,狮王商业服务端
诺玛教主,226,19,186,97,0,0,0,100,20000,12750,0,66,66,114,4,2,3,-3,-3,5,-2,264,275,3,225,253,23,25,600,0,1,1000,12,,狮王商业服务端
诺玛教主+,83,19,98,92,0,0,0,100,12000,14000,0,48,48,135,0,4,0,-4,4,-4,0,132,209,4,230,290,23,25,1000,0,1,1500,10,,狮王商业服务端
诺玛教主02,226,19,186,97,0,0,0,100,20000,12750,0,66,66,114,4,2,3,-3,-3,5,-2,264,275,3,225,253,23,25,600,0,1,1000,12,NULL,狮王商业服务端
诺玛教主1,226,19,186,97,0,0,0,100,20000,12750,0,66,66,114,4,2,3,-3,-3,5,-2,264,275,3,225,253,23,25,600,0,1,1000,12,,狮王商业服务端
诺玛教主10,226,19,186,97,0,0,0,100,20000,12750,0,66,66,114,4,2,3,-3,-3,5,-2,264,275,3,225,253,23,25,600,0,1,1000,12,NULL,狮王商业服务端
诺玛抛石兵,126,19,183,65,0,0,0,70,8000,2400,0,26,26,75,4,2,0,-3,-2,5,-4,98,158,1,80,130,18,21,800,0,1,1100,10,,狮王商业服务端
诺玛抛石兵5,126,19,183,65,0,0,0,80,10000,3000,0,30,30,90,4,2,0,-3,-2,5,-4,118,178,1,120,170,18,21,800,0,1,1100,10,,狮王商业服务端
诺玛骑兵,125,19,180,655,0,0,0,60,8200,2500,0,26,26,68,3,3,1,-4,-3,5,-3,62,206,4,50,170,18,22,1000,0,1,1100,10,,狮王商业服务端
诺玛骑兵5,125,19,180,65,0,0,0,80,10000,3000,0,30,30,85,3,3,1,-4,-3,5,-3,82,226,4,90,210,18,22,1000,0,1,1100,10,,狮王商业服务端
诺玛骑兵66,125,19,180,655,0,0,0,60,8200,2500,0,26,26,68,3,3,1,-4,-3,5,-3,62,206,4,50,170,18,22,1000,0,1,1100,10,NULL,狮王商业服务端
诺玛司令,127,19,184,65,1,0,0,70,8500,2600,0,32,32,81,1,3,3,-2,-5,5,-1,130,150,3,130,150,18,21,800,0,1,1000,10,,狮王商业服务端
诺玛司令5,127,19,184,65,1,0,0,80,10500,3200,0,35,35,100,1,3,3,-2,-5,5,-1,160,180,3,170,190,18,21,800,0,1,1000,0,,狮王商业服务端
诺玛突击队长,128,19,185,79,0,0,0,100,20000,8400,0,59,59,94,3,2,1,-2,-3,5,-2,220,250,1,220,250,23,25,400,0,1,2200,12,,狮王商业服务端
诺玛突击队长66,128,19,185,79,0,0,0,100,20000,8400,0,59,59,94,3,2,1,-2,-3,5,-2,220,250,1,220,250,23,25,400,0,1,2200,12,NULL,狮王商业服务端
诺玛卫士,11,19,179,150,0,0,0,100,1,9999,0,220,220,220,5,5,5,5,5,5,5,165,165,0,0,0,200,200,0,0,0,2000,0,,狮王商业服务端
诺玛巡逻队长,81,19,17,50,0,0,5,50,5000,2000,0,13,13,21,1,2,1,-1,1,-1,0,55,77,0,0,0,18,22,1000,0,1,1400,0,,狮王商业服务端
诺玛巡逻队长66,81,19,17,90,0,0,5,50,10000,2000,0,12,12,19,1,2,1,-1,1,-1,0,50,70,0,0,0,18,22,1000,0,1,1400,0,NULL,狮王商业服务端
诺玛装甲兵,81,19,181,65,0,0,0,60,3800,2700,0,42,42,68,2,3,1,-2,-4,5,-3,90,190,0,0,0,18,22,400,0,1,2200,10,,狮王商业服务端
诺玛装甲兵5,81,19,181,65,0,0,0,80,4700,3400,0,45,45,85,2,3,1,-2,-4,5,-3,130,230,0,0,0,18,22,400,0,1,2200,10,,狮王商业服务端
诺玛装甲兵66,81,19,181,65,0,0,0,60,3800,2700,0,42,42,68,2,3,1,-2,-4,5,-3,90,190,0,0,0,18,22,400,0,1,2200,10,NULL,狮王商业服务端
诺玛阻力军0,81,19,18,40,0,0,0,30,1,900,0,6,6,13,0,1,0,-1,1,-1,0,33,50,0,0,0,19,21,1200,0,1,2000,0,,狮王商业服务端
诺玛阻力军1,81,19,122,40,0,0,0,30,1,900,0,6,6,13,0,1,0,-1,1,-1,0,33,50,0,0,0,19,21,1200,0,1,2000,0,,狮王商业服务端
潘夜冰魔,216,19,133,45,0,0,0,40,2600,1200,0,5,5,11,5,-5,5,-1,-3,5,1,37,56,2,37,56,18,22,900,0,1,2200,0,,狮王商业服务端
潘夜冰魔0,216,19,133,45,0,0,0,50,2600,1200,0,5,5,11,5,-5,5,-1,-3,5,1,37,56,2,37,56,18,22,900,0,1,2200,0,,狮王商业服务端
潘夜冰魔4,52,21,26,150,0,0,0,100,2,9999,0,0,0,11,0,0,0,0,0,0,0,900,900,0,0,0,5,25,5,5,5,5,0,,狮王商业服务端
潘夜冰魔5,216,19,133,48,0,0,0,45,3500,1600,0,5,5,13,6,-5,5,-1,-3,5,1,41,62,2,41,62,18,22,900,0,1,2200,0,,狮王商业服务端
潘夜冰魔50,216,19,133,48,0,0,0,55,3500,1600,0,5,5,13,5,-5,5,-1,-3,5,1,41,62,2,41,62,18,22,900,0,1,2200,0,,狮王商业服务端
潘夜冰魔66,216,19,133,45,0,0,0,40,5200,1200,0,4,4,10,5,-5,5,-1,-3,5,1,34,51,2,34,51,18,22,900,0,1,2200,0,NULL,狮王商业服务端
潘夜冰魔77,216,19,136,60,0,0,0,60,7000,3200,0,25,25,55,-2,3,5,0,-2,5,1,70,90,2,60,99,18,22,900,0,1,2200,0,,狮王商业服务端
潘夜冰魔88,216,19,133,55,0,0,0,40,0,10000,2010,0,4,4,25,5,-5,5,-1,-5,5,1,34,51,2,34,51,18,22,900,0,1,2200,0,0
潘夜风魔,216,19,135,45,0,0,0,60,2600,1200,0,5,5,11,5,-4,5,-3,-3,5,1,37,56,4,37,56,18,22,900,0,1,2200,0,,狮王商业服务端
潘夜风魔0,216,19,135,45,0,0,0,50,2600,1200,0,5,5,11,5,-4,5,-3,-3,5,1,37,56,4,37,56,18,22,900,0,1,2200,0,,狮王商业服务端
潘夜风魔4,52,21,26,150,0,0,0,100,2,9999,0,0,0,11,0,0,0,0,0,0,0,900,900,0,0,0,5,25,5,5,5,5,0,,狮王商业服务端
潘夜风魔5,216,19,135,48,0,0,0,65,3500,1600,0,5,5,11,5,-4,5,-3,-3,5,1,41,62,4,41,62,18,22,900,0,1,2200,0,,狮王商业服务端
潘夜风魔50,216,19,135,48,0,0,0,55,3500,1600,0,5,5,13,5,-4,5,-3,-3,5,1,41,62,4,41,62,18,22,900,0,1,2200,0,,狮王商业服务端
潘夜风魔66,216,19,135,45,0,0,0,60,5200,1200,0,4,4,10,5,-4,5,-3,-3,5,1,34,51,4,34,51,18,22,900,0,1,2200,0,NULL,狮王商业服务端
潘夜风魔88,216,19,135,55,0,0,0,60,0,11011,2103,0,4,4,25,5,-4,5,-3,-5,5,1,34,51,4,34,51,18,22,900,0,1,2200,0,0
潘夜鬼将,97,19,137,78,0,0,5,100,8000,4000,0,22,22,37,4,-4,5,-1,-2,5,1,60,99,0,0,0,23,25,1000,0,1,1500,10,,狮王商业服务端
潘夜火魔,216,19,136,45,0,0,0,40,2600,1200,0,5,5,11,3,-4,5,-1,-3,5,1,37,56,1,37,56,18,22,900,0,1,2200,0,,狮王商业服务端
潘夜火魔0,216,19,136,45,0,0,0,50,2600,1200,0,5,5,11,3,-4,5,-1,-3,5,1,37,56,1,37,56,18,22,900,0,1,2200,0,,狮王商业服务端
潘夜火魔4,52,21,26,150,0,0,0,1000,2,9999,0,0,0,11,0,0,0,0,0,0,0,900,900,0,0,0,5,25,5,5,5,5,0,,狮王商业服务端
潘夜火魔5,216,19,136,48,0,0,0,45,3500,1600,0,5,5,11,3,-4,5,-1,-3,5,1,41,62,1,41,62,18,22,900,0,1,2200,0,,狮王商业服务端
潘夜火魔50,216,19,136,48,0,0,0,55,3500,1600,0,5,5,13,3,-4,5,-1,-3,5,1,41,62,1,41,62,18,22,900,0,1,2200,0,,狮王商业服务端
潘夜火魔66,216,19,136,45,0,0,0,40,5200,1200,0,4,4,10,3,-4,5,-1,-3,5,1,34,51,1,34,51,18,22,900,0,1,2200,0,NULL,狮王商业服务端
潘夜火魔88,216,19,136,55,0,0,0,40,0,11000,2150,0,4,4,20,3,-4,5,-1,-5,5,1,34,51,1,34,51,18,22,900,0,1,2200,0,0
潘夜牛魔王,215,19,139,94,1,0,0,100,14000,10500,0,56,56,110,5,-2,5,1,0,5,3,220,290,4,186,233,23,25,1000,0,1,1500,10,,狮王商业服务端
潘夜牛魔王1,215,19,139,94,1,0,0,100,14000,10500,0,56,56,110,4,-4,5,-1,-2,5,1,198,264,4,156,233,23,25,1000,0,1,1500,10,,狮王商业服务端
潘夜牛魔王10,215,19,139,94,1,0,0,100,12000,9500,0,45,45,60,5,-3,5,0,-1,5,3,90,140,4,90,140,23,25,1000,0,1,1500,10,NULL,狮王商业服务端
潘夜牛魔王9,215,19,139,94,1,0,0,100,12000,9500,0,45,45,60,5,-3,5,0,-1,5,3,90,140,4,90,140,23,25,1000,0,1,1500,10,,狮王商业服务端
潘夜守护神1,214,19,130,80,1,0,0,200,16000,9000,15,55,55,125,4,-1,5,-2,-2,5,2,180,250,3,190,250,18,22,1100,0,1,2400,10,,狮王商业服务端
潘夜右护卫,214,19,130,45,0,0,0,50,2800,1400,0,6,6,11,4,-5,5,-2,-2,5,2,38,55,3,38,55,18,22,1000,0,1,2400,0,,狮王商业服务端
潘夜右护卫0,214,19,130,45,0,0,0,60,2800,1400,0,6,6,11,4,-5,5,-2,-2,5,2,38,55,3,38,55,18,22,1000,0,1,2000,0,,狮王商业服务端
潘夜右护卫4,52,21,26,147,0,0,0,100,1,9999,0,0,0,11,0,0,0,0,0,0,0,900,900,0,0,0,5,25,5,5,5,5,0,,狮王商业服务端
潘夜右护卫5,214,19,130,48,0,0,0,55,3800,1800,0,6,6,13,4,-5,5,-2,-2,5,2,42,61,3,42,61,18,22,1000,0,1,2400,0,,狮王商业服务端
潘夜右护卫50,214,19,130,48,0,0,0,65,3700,1800,0,6,6,11,4,-5,5,-2,-2,5,2,42,61,3,42,61,18,22,1000,0,1,2000,0,,狮王商业服务端
潘夜右护卫66,214,19,130,45,0,0,0,50,7600,1400,0,5,5,10,4,-5,5,-2,-2,5,2,30,45,3,30,45,18,22,2500,0,1,1600,11,NULL,狮王商业服务端
潘夜右护卫77,214,19,130,60,0,0,0,60,7600,3800,0,36,36,52,-3,4,5,-1,-1,5,2,70,81,3,75,125,18,22,1000,0,1,2400,0,,狮王商业服务端
潘夜右护卫88,214,19,130,55,0,0,0,50,0,13000,2200,0,5,5,30,4,-5,5,-2,-4,5,2,30,45,3,30,45,18,22,2500,0,1,1600,11,0
潘夜右护卫95,214,19,130,45,0,0,0,50,2800,1400,0,8,8,24,4,-5,5,-2,-2,5,2,62,88,3,38,55,18,22,1000,0,1,2400,0,,狮王商业服务端
潘夜云魔,216,19,134,45,0,0,0,40,2600,1200,0,5,5,11,5,-4,4,-1,-3,5,1,37,56,3,37,56,18,22,900,0,1,2200,0,,狮王商业服务端
潘夜云魔0,216,19,134,45,0,0,0,50,2600,1200,0,5,5,11,5,-4,4,-1,-3,5,1,37,56,3,37,56,18,22,900,0,1,2200,0,,狮王商业服务端
潘夜云魔4,52,21,26,150,0,0,0,100,2,9999,0,0,0,11,0,0,0,0,0,0,0,900,900,0,0,0,0,5,25,5,5,5,0,,狮王商业服务端
潘夜云魔5,216,19,134,48,0,0,0,55,3500,1600,0,5,5,13,5,-4,4,-1,-3,5,1,41,61,3,41,61,18,22,900,0,1,2200,0,,狮王商业服务端
潘夜云魔50,216,19,134,48,0,0,0,55,3500,1600,0,5,5,13,5,-4,4,-1,-3,5,1,41,61,3,41,61,18,22,900,0,1,2200,0,,狮王商业服务端
潘夜云魔66,216,19,134,45,0,0,0,40,5200,1200,0,4,4,10,5,-4,4,-1,-3,5,1,34,51,3,34,51,18,22,900,0,1,2200,0,NULL,狮王商业服务端
潘夜云魔88,216,19,134,55,0,0,0,40,0,10410,1985,0,4,4,25,5,-4,4,-1,-5,5,1,34,51,3,34,51,18,22,900,0,1,2200,0,0
潘夜战士,97,19,137,45,0,0,5,40,2200,1100,0,4,4,11,5,-4,5,-1,-2,5,2,37,53,0,0,0,18,22,800,0,1,2000,0,,狮王商业服务端
潘夜战士0,97,19,137,45,0,0,5,50,2200,1100,0,4,4,11,5,-4,5,-1,-2,5,2,37,53,0,0,0,18,22,800,0,1,2000,0,,狮王商业服务端
潘夜战士4,52,21,26,150,0,0,0,100,2,9999,0,0,0,11,0,0,0,0,0,0,0,900,900,0,0,0,5,25,5,5,5,5,0,,狮王商业服务端
潘夜战士5,97,19,137,48,0,0,5,45,3000,1500,0,4,4,13,5,-4,5,-1,-2,5,2,41,58,0,0,0,18,22,800,0,1,2000,0,,狮王商业服务端
潘夜战士50,97,19,137,48,0,0,5,45,3000,1500,0,4,4,13,5,-4,5,-1,-2,5,2,41,58,0,0,0,18,22,800,0,1,2000,0,,狮王商业服务端
潘夜战士88,97,19,137,55,0,0,5,40,0,10000,2000,0,3,3,25,5,-4,5,-1,-4,5,2,34,48,0,0,0,18,22,800,0,1,2000,0,0
潘夜左护卫,213,19,131,45,0,0,0,50,2800,1400,0,6,6,11,4,-5,5,-2,-2,5,2,38,55,1,38,55,18,22,1000,0,1,2000,0,,狮王商业服务端
潘夜左护卫0,213,19,131,45,0,0,0,60,2800,1400,0,6,6,11,4,-5,5,-2,-2,5,2,38,55,1,38,55,18,22,1000,0,1,2000,0,,狮王商业服务端
潘夜左护卫4,52,21,26,147,0,0,0,100,1,9999,0,0,0,11,0,0,0,0,0,0,0,900,900,0,0,0,25,25,5,5,5,5,0,,狮王商业服务端
潘夜左护卫5,213,19,131,48,0,0,0,55,3800,1800,0,6,6,13,4,-5,5,-2,-2,5,2,42,61,1,42,61,18,22,1000,0,1,2000,0,,狮王商业服务端
潘夜左护卫50,213,19,131,48,0,0,0,55,3800,1800,0,6,6,13,4,-5,5,5,-2,-2,2,42,61,1,42,61,18,22,1000,0,1,2000,0,,狮王商业服务端
潘夜左护卫66,213,19,131,45,0,0,0,50,7600,1400,0,5,5,10,4,-5,5,-2,-2,5,2,30,45,1,30,45,18,22,2500,0,1,1500,11,NULL,狮王商业服务端
潘夜左护卫88,213,19,131,55,0,0,0,50,0,13000,2200,0,5,5,30,4,-5,5,-2,-4,5,2,30,45,1,30,45,18,22,2500,0,1,1500,11,0
潘夜左护卫94,213,19,131,45,0,0,0,50,2800,1400,0,8,8,24,4,-5,5,-2,-2,5,2,62,88,1,38,55,18,22,1000,0,1,2000,0,,狮王商业服务端
七点白蛇,97,19,126,71,0,0,5,100,800,400,0,4,4,8,0,0,0,0,0,0,0,22,55,0,0,0,23,25,1000,0,1,1500,10,,狮王商业服务端
千年毒蛇,81,19,126,15,0,0,0,0,80,80,0,0,0,3,2,2,2,2,-2,-2,-2,6,13,0,0,0,11,13,1000,0,1,1500,0,,狮王商业服务端
千年毒蛇0,81,19,126,15,0,0,0,10,80,80,0,0,0,3,2,2,2,2,-2,-2,-2,6,13,0,0,0,11,13,1000,0,1,1500,0,,狮王商业服务端
钳虫,81,19,69,30,0,1,2,0,440,280,0,0,0,7,-1,2,-1,0,0,0,1,24,36,0,0,0,18,19,1500,0,1,1800,0,,狮王商业服务端
钳虫0,81,19,69,30,0,1,2,10,440,280,0,0,0,7,-1,2,-1,0,0,0,1,24,36,0,0,0,18,19,1500,0,1,1800,0,,狮王商业服务端
钳虫4,52,21,26,159,0,0,0,100,2,200,0,0,0,11,0,0,0,0,0,0,0,900,900,0,0,0,5,25,5,5,5,5,0,,狮王商业服务端
轻甲守卫,97,19,6,60,1,0,0,60,8700,2150,0,25,25,53,-1,5,-4,5,-3,5,5,30,145,0,0,0,18,22,800,0,1,1400,0,,狮王商业服务端
轻甲守卫2,97,19,6,70,1,0,0,70,13700,2650,0,85,85,103,1,5,-2,5,-1,5,5,180,225,0,0,0,18,22,800,0,1,1400,0,,狮王商业服务端
轻甲守卫66,97,19,6,70,1,0,0,60,15400,2150,0,25,25,53,0,5,-4,5,-3,5,5,50,165,0,0,0,18,22,800,0,1,1400,0,NULL,狮王商业服务端
犬猴魔,97,19,12,60,1,0,0,60,9000,2300,0,25,25,53,-2,4,-5,5,-3,5,5,87,104,0,0,0,18,22,800,0,1,1100,8,,狮王商业服务端
犬猴魔2,97,19,12,70,1,0,0,70,12000,2800,0,85,85,103,0,4,-3,5,-1,5,5,187,224,0,0,0,18,22,800,0,1,1100,8,,狮王商业服务端
犬猴魔66,97,19,12,70,1,0,0,60,15000,2300,0,25,25,53,-1,4,-5,5,-3,5,5,107,124,0,0,0,18,22,800,0,1,1100,8,NULL,狮王商业服务端
如花,207,19,125,35,0,1,0,0,300,1500,0,0,0,15,2,2,2,2,2,2,0,0,0,5,20,80,15,17,1000,0,1,2500,0,,狮王商业服务端
森林雪人,83,10,30,13,0,1,0,0,40,40,0,0,0,1,0,0,0,0,0,0,0,4,10,0,0,0,10,12,1500,0,1,2500,0,,狮王商业服务端
森林雪人0,83,10,30,13,0,1,0,10,40,40,0,0,0,1,0,0,0,0,0,0,0,4,10,0,0,0,10,12,1500,0,1,2500,0,,狮王商业服务端
僧侣僵尸,95,41,49,20,1,0,5,0,220,140,0,4,4,5,0,0,0,0,0,0,0,13,24,0,0,0,13,15,2000,0,1,3000,0,,狮王商业服务端
僧侣僵尸61,95,41,49,20,1,0,5,0,1,140,0,4,4,5,0,0,0,0,0,0,0,13,24,0,0,0,13,15,2000,0,1,3000,0,,狮王商业服务端
沙巴克城门1,110,98,530,100,0,0,0,0,1,20000,0,77,77,110,0,0,0,0,0,0,0,0,0,0,0,0,15,1,0,0,1,0,0,,狮王商业服务端
沙巴克城门2,110,98,531,100,0,0,0,0,1,20000,0,77,77,110,0,0,0,0,0,0,0,0,0,0,0,0,15,1,0,0,1,0,0,,狮王商业服务端
沙巴克城门3,111,98,532,100,0,0,0,0,1,20000,0,77,77,110,0,0,0,0,0,0,0,0,0,0,0,0,15,1,0,0,1,0,0,,狮王商业服务端
沙巴克城门4,111,98,533,100,0,0,0,0,1,20000,0,77,77,110,0,0,0,0,0,0,0,0,0,0,0,0,15,1,0,0,1,0,0,,狮王商业服务端
沙鬼,202,19,3,35,0,0,0,0,530,370,0,2,2,9,0,1,0,-1,1,-1,0,29,48,0,0,0,18,21,1400,0,1,3000,0,,狮王商业服务端
沙鬼0,202,19,3,35,0,0,0,10,530,370,0,2,2,9,0,1,0,-1,1,-1,0,29,48,0,0,0,18,21,1400,0,1,3000,0,,狮王商业服务端
沙魔树魔0,206,19,95,35,0,0,0,20,500,340,0,2,2,9,0,1,0,-1,1,-1,1,29,48,0,0,0,18,21,0,0,1,3500,0,,狮王商业服务端
沙魔鱼魔0,203,19,94,35,1,0,0,10,470,310,0,3,3,8,0,1,0,-1,-1,1,0,29,42,6,29,42,18,21,800,0,1,2000,0,,狮王商业服务端
沙漠风魔,205,19,97,35,1,0,0,0,520,360,0,4,4,7,0,1,0,-1,-1,1,0,29,48,4,29,48,18,21,1100,0,1,2000,0,,狮王商业服务端
沙漠风魔0,205,19,97,35,1,0,0,10,520,360,0,4,4,7,0,1,0,-1,-1,1,0,29,48,4,29,48,18,21,1100,0,1,2000,0,,狮王商业服务端
沙漠石人,200,19,4,35,0,1,0,0,480,320,0,4,4,7,0,1,0,-1,1,-1,0,29,48,0,0,0,18,21,1500,0,1,3500,0,,狮王商业服务端
沙漠石人0,200,19,4,35,0,1,0,10,480,320,0,4,4,7,0,1,0,-1,1,-1,0,29,48,0,0,0,18,21,1500,0,1,3500,0,,狮王商业服务端
沙漠石人88,200,19,4,55,0,0,0,0,0,12000,3000,0,2,2,40,0,1,0,-1,1,-1,0,50,75,0,0,0,16,21,700,0,1,2500,0,0
沙漠树魔,206,19,95,35,0,0,0,10,500,340,0,2,2,9,0,1,0,-1,1,-1,1,30,43,0,0,0,18,21,0,0,1,3500,0,,狮王商业服务端
沙漠树魔61,206,19,95,35,0,0,0,40,1,340,0,5,5,8,0,0,0,0,0,0,0,14,20,0,0,0,18,21,0,0,1,3500,0,,狮王商业服务端
沙漠树魔62,206,19,95,35,0,0,0,40,1,340,0,5,5,8,0,0,0,0,0,0,0,14,20,0,0,0,18,21,0,0,1,3500,0,,狮王商业服务端
沙漠土城门1,110,98,530,100,0,0,0,0,0,20000,0,77,77,100,0,0,0,0,0,0,0,0,0,0,0,0,15,1,0,0,1,0,0,,狮王商业服务端
沙漠土城门2,110,98,531,100,0,0,0,0,0,20000,0,77,77,100,0,0,0,0,0,0,0,0,0,0,0,0,15,1,0,0,1,0,0,,狮王商业服务端
沙漠土城门3,110,98,531,100,0,0,0,0,0,20000,0,77,77,100,0,0,0,0,0,0,0,0,0,0,0,0,15,1,0,0,1,0,0,,狮王商业服务端
沙漠威思而小虫,82,19,61,13,0,1,0,0,45,45,0,0,0,1,0,0,0,0,0,0,0,4,11,6,4,11,10,12,1100,0,1,2500,0,,狮王商业服务端
沙漠蜥蜴,81,19,0,35,0,1,0,0,460,300,0,3,3,8,0,1,0,-1,1,-1,0,29,42,0,0,0,18,21,1300,0,1,1500,0,,狮王商业服务端
沙漠蜥蜴0,81,19,0,35,0,1,0,10,460,300,0,3,3,8,0,1,0,-1,1,-1,0,29,42,0,0,0,18,21,1300,0,1,1500,0,,狮王商业服务端
沙漠鱼魔,203,19,94,35,1,0,0,0,470,310,0,3,3,8,0,1,0,-1,-1,1,0,29,42,6,29,42,18,21,800,0,1,2000,0,,狮王商业服务端
沙漠战士,11,24,115,150,0,0,0,100,1,9999,0,220,220,220,5,5,5,5,5,5,5,165,165,0,0,0,200,200,0,0,0,2000,0,,狮王商业服务端
山洞蝙蝠,81,19,29,18,0,0,0,0,90,90,0,0,0,3,0,0,0,0,0,0,0,8,14,0,0,0,12,14,1500,0,1,2500,0,,狮王商业服务端
山洞蝙蝠0,81,19,29,18,0,0,0,10,90,90,0,0,0,3,0,0,0,0,0,0,0,8,14,0,0,0,12,14,1500,0,1,2500,0,,狮王商业服务端
山洞蝙蝠61,81,19,29,18,0,0,0,0,1,90,0,2,2,3,0,0,0,0,0,0,0,8,14,0,0,0,12,14,1500,0,1,2500,0,,狮王商业服务端
神鬼王,97,19,108,77,0,0,5,100,7000,3500,0,18,18,32,3,0,-2,0,3,-2,0,55,88,0,0,0,23,25,1000,0,1,1500,10,,狮王商业服务端
神舰守护神1,230,19,10,80,1,0,0,100,15000,9000,15,44,44,125,-1,4,-4,5,-2,5,5,187,253,7,187,253,23,25,1200,0,1,1500,10,,狮王商业服务端
神舰守卫,97,19,99,60,1,0,0,60,8700,3000,0,37,37,79,-2,4,-5,5,-3,5,5,165,247,0,0,0,18,22,1000,0,1,2500,0,,狮王商业服务端
神舰守卫2,97,19,99,70,1,0,0,70,13700,3500,0,97,97,129,0,5,-3,5,-1,5,5,205,254,0,0,0,18,22,1000,0,1,2500,0,,狮王商业服务端
神舰守卫66,97,19,99,60,1,0,0,100,17400,3750,0,35,35,36,-2,4,-5,5,-3,5,5,120,170,0,0,0,18,22,1000,0,1,2500,9,NULL,狮王商业服务端
神兽,113,54,89,30,1,0,0,0,1,200,0,9,9,16,2,2,2,2,-2,-2,-2,6,21,7,5,20,18,19,400,0,1,0,0,,狮王商业服务端
神兽1,114,55,90,30,1,0,0,0,1,200,0,9,9,16,2,2,2,2,-2,-2,-2,6,21,7,5,20,18,19,400,0,1,0,0,,狮王商业服务端
圣诞树,209,19,153,120,0,0,0,0,10,30,0,0,0,0,0,0,0,0,0,0,0,0,0,0,0,0,0,0,0,0,0,0,0,,狮王商业服务端
圣域帝王,226,19,2050,99,0,0,0,200,350000,18000,0,120,120,220,5,-1,4,4,-1,7,-1,253,275,0,253,275,30,30,500,0,0,550,10,NULL,王者软件
圣者宝宝,228,1,8,90,0,0,0,150,0,10,2900,0,34,34,34,2,2,2,2,2,2,2,30,40,7,15,30,18,25,400,0,1,1000,10,0
尸王,97,19,53,73,1,0,5,100,3000,1500,0,6,6,13,0,0,0,0,0,0,0,33,55,0,0,0,23,25,1000,0,1,1500,10,,狮王商业服务端
尸王2,81,19,53,73,1,0,5,100,1500,750,0,6,6,10,0,0,0,0,0,0,0,38,82,0,0,0,23,25,1000,0,1,1500,0,,狮王商业服务端
尸王61,81,19,53,73,1,0,5,100,1,750,0,6,6,10,0,0,0,0,0,0,0,8,29,0,0,0,20,22,1000,0,1,1500,0,,狮王商业服务端
石像狮子,221,19,160,49,0,0,0,60,3800,1300,0,11,11,13,-4,5,5,-4,-3,5,-3,50,60,6,50,60,18,22,1500,0,1,2500,0,,狮王商业服务端
石像狮子0,221,19,160,49,0,0,0,70,3800,1300,0,11,11,13,-4,5,5,-4,-3,5,-3,50,60,6,50,60,18,22,1500,0,1,2500,0,,狮王商业服务端
石像狮子4,52,21,26,150,0,0,0,100,1,9999,0,0,0,11,0,0,0,0,0,0,0,900,900,0,0,0,5,25,5,5,5,5,0,,狮王商业服务端
石像狮子5,221,19,160,51,0,0,0,60,5700,2000,0,11,11,16,-4,5,5,-4,-3,5,-3,50,60,6,60,70,18,22,1500,0,1,2500,0,,狮王商业服务端
石像狮子50,221,19,160,51,0,0,0,70,5700,2000,0,11,11,16,-4,5,5,-4,-3,5,-3,50,60,6,60,70,18,22,1500,0,1,2500,0,,狮王商业服务端
石像狮子77,221,19,160,60,0,0,0,60,6800,2400,0,22,22,75,-3,5,5,-4,-3,5,-2,125,220,6,125,220,18,22,1500,0,1,2500,0,,狮王商业服务端
石像狮子88,221,19,160,50,0,0,0,55,0,12000,2600,0,10,30,18,-4,5,5,-4,-5,5,-3,28,38,6,28,38,16,22,2500,0,1,1600,13,0
石像狮子96,221,19,160,49,0,0,0,60,3800,1300,0,14,14,27,-4,5,5,-4,-3,5,-3,50,60,6,79,97,18,22,1500,0,1,2500,0,,狮王商业服务端
石像狮子98,221,19,160,49,0,0,0,60,3800,1300,0,14,14,27,-4,5,5,-4,-3,5,-3,50,60,6,79,97,18,22,1500,0,1,2500,0,,狮王商业服务端
食人花,85,13,31,10,0,0,0,0,21,21,0,0,0,0,0,0,0,0,0,0,0,2,8,0,0,0,9,11,0,0,0,2500,0,,狮王商业服务端
食人花61,85,13,31,10,0,0,0,0,1,21,0,0,0,0,0,0,0,0,0,0,0,2,8,0,0,0,9,11,0,0,0,2500,0,,狮王商业服务端
守卫虫,81,19,69,99,0,1,2,0,220,560,0,6,6,28,5,5,5,5,5,5,1,77,86,0,0,0,18,19,1500,0,1,1800,15,,狮王商业服务端
守卫神将,101,47,83,99,1,0,10,40,1350,2600,0,11,11,49,5,5,5,5,5,5,-2,119,114,0,0,0,18,22,800,0,1,2000,15,,狮王商业服务端
守卫狮子,221,19,160,99,0,0,0,60,1900,2600,0,28,28,55,5,5,5,5,5,5,-3,99,121,6,158,193,18,22,1500,0,1,2500,15,,狮王商业服务端
守卫沃玛,91,20,43,99,1,0,0,0,170,520,0,8,8,24,5,5,5,5,5,5,0,31,62,1,49,99,15,17,1000,0,1,1700,15,,狮王商业服务端
守卫武将,81,19,140,99,1,0,0,10,215,540,0,9,9,27,5,5,5,5,5,5,0,77,84,0,0,0,18,19,700,0,1,2500,15,,狮王商业服务端
守卫血魔,97,19,108,99,1,0,5,10,310,920,0,8,8,53,5,5,5,5,5,5,0,105,96,0,0,0,18,22,1000,0,1,1500,15,,狮王商业服务端
守卫右狮,214,19,130,99,0,0,0,50,1400,2800,0,14,14,48,5,5,5,5,5,5,2,77,110,3,123,176,18,22,1000,0,1,2400,15,,狮王商业服务端
署箭,81,19,53,73,1,0,0,100,1,750,0,4,4,9,0,0,0,0,0,0,0,8,29,0,0,0,20,22,1000,0,1,1500,0,,狮王商业服务端
天狼蜘蛛,118,19,103,35,0,1,2,0,470,310,0,3,3,8,0,-1,1,0,1,-1,0,29,43,6,29,43,18,21,1500,0,1,1800,0,,狮王商业服务端
天狼蜘蛛0,118,19,103,35,0,1,2,10,470,310,0,3,3,8,0,-1,1,0,1,-1,0,29,43,6,29,43,18,21,1500,0,1,1800,0,,狮王商业服务端
天外飞魔,228,19,176,90,1,0,0,100,24000,6000,0,39,39,92,4,4,4,4,6,0,0,85,173,3,129,151,23,25,1000,0,1,1500,10, ,狮王商业服务端
天外飞魔66,228,19,176,90,1,0,0,100,24000,6000,0,39,39,92,4,4,4,4,6,0,0,85,173,3,129,151,23,25,1000,0,1,1500,10, ,狮王商业服务端
天外飞仙,81,19,178,90,1,0,0,100,26000,7000,0,39,39,92,4,3,4,4,3,0,0,100,180,3,129,151,23,25,1000,0,1,1500,10, ,狮王商业服务端
天外飞仙66,81,19,178,90,1,0,0,100,26000,7000,0,39,39,92,4,3,4,4,3,0,0,100,180,3,129,151,23,25,1000,0,1,1500,10, ,狮王商业服务端
天外圣堂武士,94,19,173,90,1,0,0,100,25000,6000,0,39,39,92,4,4,4,4,4,0,0,90,173,3,129,151,23,25,1000,0,1,1500,10, ,狮王商业服务端
天外圣堂武士66,94,19,173,90,1,0,0,100,25000,6000,0,39,39,92,4,4,4,4,4,0,0,90,173,3,129,151,23,25,1000,0,1,1500,10, ,狮王商业服务端
天外战神,226,19,175,90,1,0,0,100,24000,6000,0,39,39,92,4,4,3,4,4,0,0,90,173,3,129,151,23,25,1000,0,1,1500,10, ,狮王商业服务端
天外战神66,226,19,175,90,1,0,0,100,24000,6000,0,39,39,92,4,4,3,4,4,0,0,90,173,3,129,151,23,25,1000,0,1,1500,10, ,狮王商业服务端
跳跳蜂,81,19,71,30,0,0,2,0,380,220,0,0,0,7,0,0,0,0,0,0,0,24,36,0,0,0,18,19,1500,0,1,2000,0,,狮王商业服务端
跳跳蜂0,81,19,71,30,0,0,2,10,380,220,0,0,0,7,0,0,0,0,0,0,0,24,36,0,0,0,18,19,1500,0,1,2000,0,,狮王商业服务端
跳跳蜂4,52,21,26,150,0,0,0,100,1,9999,0,0,0,11,0,0,0,0,0,0,0,900,900,0,0,0,5,25,5,5,5,5,0,,狮王商业服务端
跳跳蜂61,81,19,71,30,0,0,0,0,1,220,0,5,5,7,0,0,0,0,0,0,0,24,36,0,0,0,18,19,1500,0,1,2000,0,,狮王商业服务端
投石车,121,19,167,99,0,0,0,0,1,1000,0,0,0,0,0,0,0,0,0,0,0,165,220,0,0,0,1,20,1200,1,1,3000,0,,狮王商业服务端
图书馆护卫,11,24,114,150,0,0,0,100,1,9999,0,220,220,220,5,5,5,5,5,5,5,165,165,0,0,0,200,200,0,0,0,2000,0,,狮王商业服务端
威思而小虫,82,19,62,13,0,1,0,0,40,40,0,0,0,1,0,0,0,0,0,0,0,4,10,6,4,10,10,12,1100,0,1,2500,0,,狮王商业服务端
卫士,11,12,26,150,0,0,0,100,1,9999,0,110,110,110,5,5,5,5,5,5,5,220,220,0,0,0,200,200,0,0,0,4000,0,,狮王商业服务端
卫士1,11,24,113,150,0,0,0,100,1,9999,0,220,220,220,5,5,5,5,5,5,5,165,165,0,0,0,200,200,0,0,1,2000,0,,狮王商业服务端
沃毒蜈蚣61,81,19,2045,30,0,0,0,0,1,200,0,6,6,7,0,0,0,0,0,0,0,24,36,0,0,0,18,19,1500,0,1,2000,0,,狮王商业服务端
沃毒蜈蚣62,81,19,2045,30,0,0,0,0,1,200,0,6,6,7,0,0,0,0,0,0,0,24,36,0,0,0,18,19,1500,0,1,2000,0,,狮王商业服务端
沃玛护卫,97,19,44,73,1,0,5,100,1000,1000,0,7,7,12,0,0,0,0,0,0,0,19,40,0,0,0,20,22,1000,0,1,1500,0,,狮王商业服务端
沃玛护卫61,97,19,44,73,1,0,5,100,1,1000,0,7,7,12,0,0,0,0,0,0,0,19,40,0,0,0,20,22,1000,0,1,1500,0,,狮王商业服务端
沃玛教主,92,21,45,90,1,0,0,100,8000,6000,0,39,39,92,0,0,0,0,0,0,0,129,173,3,129,151,23,25,1000,0,1,1500,10,,狮王商业服务端
沃玛教主1,92,21,45,90,1,0,0,100,8000,6000,0,39,39,62,0,0,0,0,0,0,0,99,143,3,99,121,23,25,1000,0,1,1500,10,,狮王商业服务端
沃玛教主10,92,21,45,90,1,0,0,100,7000,5000,0,30,30,60,0,0,0,0,0,0,0,80,120,3,80,120,23,25,1000,0,1,1500,10,NULL,狮王商业服务端
沃玛教主62,92,21,45,80,1,0,0,100,1,2500,0,14,14,20,0,0,0,0,0,0,0,77,121,3,66,110,23,25,1000,0,1,1500,0,,狮王商业服务端
沃玛教主9,92,21,45,90,1,0,0,100,7000,5000,0,30,30,60,0,0,0,0,0,0,0,80,120,3,80,120,23,25,1000,0,1,1500,10,,狮王商业服务端
沃玛卫士,97,19,44,74,1,0,5,100,2000,1000,0,11,11,11,0,0,0,0,0,0,0,38,55,0,0,0,23,25,1000,0,1,1500,10,,狮王商业服务端
沃玛勇士,81,19,42,25,1,0,0,0,300,220,0,0,0,7,0,0,0,0,0,0,0,15,25,0,0,0,15,17,1100,0,1,2000,0,,狮王商业服务端
沃玛勇士0,81,19,42,25,1,0,0,10,300,220,0,0,0,7,0,0,0,0,0,0,0,15,25,0,0,0,15,17,1100,0,1,2000,0,,狮王商业服务端
沃玛勇士10,81,19,42,25,1,0,0,0,300,220,0,4,4,12,0,0,0,0,0,0,0,24,44,0,0,0,15,17,1100,0,1,2000,0,,狮王商业服务端
沃玛勇士4,52,21,26,157,0,0,0,100,1,9999,0,0,0,11,0,0,0,0,0,0,0,900,900,0,0,0,5,25,5,5,5,5,0,,狮王商业服务端
沃玛勇士60,81,19,42,25,1,0,0,0,300,220,0,5,5,7,0,0,0,0,0,0,0,15,25,0,0,0,15,17,1100,0,1,2000,0,,狮王商业服务端
沃玛勇士61,81,19,42,25,1,0,0,0,1,220,0,5,5,7,0,0,0,0,0,0,0,15,25,0,0,0,15,17,1100,0,1,2000,0,,狮王商业服务端
沃玛战将,81,19,91,25,1,0,0,0,300,220,0,0,0,7,0,0,0,0,0,0,0,15,25,0,0,0,15,17,1100,0,1,2000,0,,狮王商业服务端
沃玛战将0,81,19,91,25,1,0,0,10,300,220,0,0,0,7,0,0,0,0,0,0,0,15,25,0,0,0,15,17,1100,0,1,2000,0,,狮王商业服务端
沃玛战将20,81,19,91,25,1,0,0,0,300,220,0,4,4,13,0,0,0,0,0,0,0,24,44,0,0,0,15,17,1100,0,1,2000,0,,狮王商业服务端
沃玛战将61,81,19,91,25,1,0,0,20,1,240,0,4,4,7,0,0,0,0,0,0,0,15,25,0,0,0,15,17,1100,0,1,2000,0,,狮王商业服务端
沃玛战士,81,19,41,25,1,0,0,0,280,200,0,0,0,7,0,0,0,0,0,0,0,15,25,0,0,0,15,17,1100,0,1,2000,0,,狮王商业服务端
沃玛战士0,81,19,41,25,1,0,0,10,280,200,0,0,0,7,0,0,0,0,0,0,0,15,25,0,0,0,15,17,1100,0,1,2000,0,,狮王商业服务端
沃玛战士61,81,19,41,25,1,0,0,0,1,200,0,5,5,7,0,0,0,0,0,0,0,15,25,0,0,0,15,17,1100,0,1,2000,0,,狮王商业服务端
蜈蚣,81,19,66,30,0,1,2,0,360,200,0,0,0,7,-1,0,0,0,0,0,-1,24,36,0,0,0,18,19,1500,0,1,2000,0,,狮王商业服务端
蜈蚣0,81,19,66,30,0,1,2,10,360,200,0,0,0,7,-1,0,0,0,0,0,-1,24,36,0,0,0,18,19,1500,0,1,2000,0,,狮王商业服务端
蜈蚣4,52,21,26,150,0,0,0,100,1,9999,0,0,0,11,0,0,0,0,0,0,0,900,900,0,0,0,5,25,5,5,5,5,0,,狮王商业服务端
蜈蚣61,81,19,66,30,0,1,0,30,1,200,0,5,5,7,0,0,0,0,0,0,0,24,36,0,0,0,18,19,1500,0,1,2000,0,,狮王商业服务端
武力神将,222,19,161,51,0,0,0,50,4500,2300,0,16,16,17,-2,3,3,-2,-5,5,-1,60,77,1,77,88,18,25,1600,0,1,1500,0,,狮王商业服务端
武力神将0,222,19,161,51,0,0,0,60,4500,2300,0,16,16,17,-2,3,3,-2,-5,5,-1,60,77,1,77,88,18,25,1600,0,1,1500,0,,狮王商业服务端
武力神将4,52,21,26,150,0,0,0,100,1,9999,0,0,0,11,0,0,0,0,0,0,0,900,900,0,0,0,5,25,5,5,5,5,0,,狮王商业服务端
武力神将5,222,19,161,53,0,0,0,50,7200,3400,0,16,16,20,-3,3,3,-2,-5,5,-1,66,85,1,85,96,18,25,1600,0,1,1500,0,,狮王商业服务端
武力神将50,222,19,161,53,0,0,0,60,7200,3400,0,16,16,20,-3,3,3,-2,-5,5,-1,66,85,1,85,96,18,25,1600,0,1,1500,0,,狮王商业服务端
武力神将66,222,19,161,60,0,0,0,100,9000,3450,0,21,21,24,-2,3,3,-2,-5,5,-1,70,90,1,90,100,18,25,1600,0,1,1500,9,NULL,狮王商业服务端
武力神将77,222,19,161,60,0,0,0,60,7600,4000,0,32,32,50,-2,3,3,-1,-4,5,-1,77,105,1,105,125,18,25,1600,0,1,1500,0,,狮王商业服务端
武力神将81,222,19,161,51,0,0,0,50,4500,2300,0,22,22,38,-2,3,3,-2,-5,5,-1,60,77,1,123,140,18,25,1600,0,1,1500,0,,狮王商业服务端
武力神将88,222,19,161,55,0,0,0,55,0,13000,3000,0,7,7,30,-2,3,3,-2,-5,5,-1,30,50,1,30,50,16,22,1100,0,1,1500,0,0
武者宝宝,228,1,4,70,0,0,0,110,0,10,2100,0,26,26,26,2,2,2,2,2,2,2,30,40,7,15,30,18,25,400,0,1,1000,10,0
西沙守护神1,128,19,197,80,1,0,0,200,18000,10000,10,60,60,120,3,-2,4,-4,-1,3,-2,200,250,1,200,250,30,25,1300,0,1,1200,10,,狮王商业服务端
侠者宝宝,228,0,1,55,0,0,0,80,0,10,1500,0,20,20,20,2,2,2,2,2,2,2,30,40,7,15,30,18,25,400,0,1,1000,10,0
咸蛋,207,19,125,35,0,0,0,50,300,1500,0,30,30,45,2,2,2,2,2,2,2,0,0,5,20,50,15,17,1000,0,1,2500,0,,狮王商业服务端
小霸刀,94,19,125,99,0,0,0,50,1,4000,0,11,11,16,0,0,0,0,0,0,0,50,60,5,22,38,7,4,900,0,1,1000,0,,狮王商业服务端
小诺玛,52,11,176,4,0,0,5,0,450,250,0,0,5,10,0,0,0,0,0,0,0,0,4,0,0,0,5,10,1200,0,1,3000,0,,狮王商业服务端
楔蛾,105,52,75,30,0,1,2,20,400,240,0,0,0,8,0,0,0,0,0,0,0,22,22,6,22,22,18,19,1000,0,1,2500,0,,狮王商业服务端
楔蛾93,105,52,75,30,0,1,2,20,400,240,0,4,4,17,0,0,0,0,0,0,0,39,39,6,24,24,18,19,1000,0,1,2500,0,,狮王商业服务端
蝎蛇,81,19,79,30,1,0,2,0,440,280,0,0,0,8,0,0,0,0,0,0,0,24,36,0,0,0,18,19,1000,0,1,2000,0,,狮王商业服务端
蝎蛇0,81,19,79,30,1,0,2,10,440,280,0,0,0,8,0,0,0,0,0,0,0,24,36,0,0,0,18,19,1000,0,1,2000,0,,狮王商业服务端
蝎蛇4,52,21,26,150,0,0,0,100,1,9999,0,0,0,11,0,0,0,0,0,0,0,900,900,0,0,0,5,25,5,5,5,5,0,,狮王商业服务端
蝎子,84,32,28,18,0,1,0,0,95,95,0,0,0,3,0,0,0,0,0,0,0,8,15,0,0,0,12,14,1500,0,1,2500,0,,狮王商业服务端
蝎子61,84,32,28,18,0,1,0,0,1,95,0,1,1,3,0,0,0,0,0,0,0,8,15,0,0,0,12,14,1500,0,1,2500,0,,狮王商业服务端
邪恶毒蛇,97,19,80,91,0,0,5,100,9000,6750,0,44,44,69,0,0,0,0,0,0,0,121,187,0,0,0,23,25,1000,0,1,1500,10,,狮王商业服务端
邪恶钳虫,97,19,70,75,0,0,5,100,5000,2500,0,13,13,20,0,0,0,0,0,0,0,44,66,0,0,0,23,25,1000,0,1,1500,10,,狮王商业服务端
邪恶钳虫62,81,19,70,75,0,0,5,100,1,2500,0,13,13,24,0,0,0,0,0,0,0,27,78,0,0,0,23,25,1000,0,1,1500,0,,狮王商业服务端
邪恶蜈蚣61,81,19,2046,30,0,0,0,0,1,200,0,22,22,7,0,0,0,0,0,0,0,24,36,0,0,0,18,19,1700,0,1,2000,0,,狮王商业服务端
星者宝宝,228,1,2,60,0,0,0,90,0,10,1700,0,22,22,22,2,2,2,2,2,2,2,30,40,7,15,30,18,25,400,0,1,1000,10,0
雄诺玛,52,11,174,4,0,0,5,0,450,250,0,0,5,10,0,0,0,0,0,0,0,0,4,0,0,0,5,10,600,0,1,3000,0,,狮王商业服务端
雪人,199,19,190,99,0,0,0,0,1,20,0,0,0,220,5,5,5,5,5,5,5,0,0,0,0,0,0,0,0,0,0,5000,0,,狮王商业服务端
血金刚,97,19,108,40,1,0,5,10,620,460,0,0,0,12,2,0,-2,0,-2,2,0,33,48,0,0,0,18,22,1000,0,1,1500,0,,狮王商业服务端
血金刚0,97,19,108,40,1,0,5,20,620,460,0,0,0,12,2,0,-2,0,-2,2,0,33,48,0,0,0,18,22,1000,0,1,1500,0,,狮王商业服务端
血金刚70,97,19,108,40,1,0,5,10,620,460,0,4,4,26,2,0,-2,0,-2,2,0,53,77,0,0,0,18,22,1000,0,1,1500,0,,狮王商业服务端
血金刚88,97,19,108,55,1,0,5,10,0,9600,1900,0,0,0,20,0,-2,2,0,-2,2,0,50,70,0,0,0,18,22,1600,0,1,2200,0,0
血巨人,97,19,107,40,0,1,5,10,580,420,0,4,4,11,2,0,-2,0,2,-2,0,33,47,0,0,0,18,22,1000,0,1,2000,0,,狮王商业服务端
血巨人0,97,19,107,40,0,1,5,20,580,420,0,4,4,11,2,0,-2,0,2,-2,0,33,47,0,0,0,18,22,1000,0,1,2000,0,,狮王商业服务端
血巨人88,97,19,107,55,0,1,5,10,0,10000,2000,0,3,3,20,0,-2,2,0,2,-2,0,38,51,0,0,0,18,22,1800,0,1,2300,0,0
血色逆魔1,226,19,120,96,1,0,0,100,20000,10000,0,63,63,124,5,-2,-2,5,4,5,-2,253,275,3,200,250,23,25,800,0,1,1200,10,,狮王商业服务端
血色圣君3,226,19,186,100,0,0,0,200,20000,14000,0,66,66,135,6,4,6,-4,-1,5,3,264,280,3,230,250,23,25,600,0,1,1000,10,,狮王商业服务端
羊,52,19,58,5,0,1,0,0,14,40,0,0,0,0,0,0,0,0,0,0,0,0,5,0,0,0,8,7,1500,0,1,3000,0,,狮王商业服务端
夜行鬼,81,19,1,35,1,0,0,0,510,350,0,3,3,8,0,1,0,-1,-1,1,0,29,47,0,0,0,18,21,600,0,1,1000,0,,狮王商业服务端
夜行鬼0,81,19,1,35,1,0,0,10,510,350,0,3,3,8,0,1,0,-1,-1,1,0,29,47,0,0,0,18,21,600,0,1,1000,0,,狮王商业服务端
夜行鬼09,81,19,1,10,1,0,0,0,20,20,0,0,0,0,0,0,0,0,0,0,0,2,7,0,0,0,9,11,1500,0,1,2500,0,,狮王商业服务端
义者宝宝,228,0,5,75,0,0,0,120,0,10,2300,0,28,28,28,2,2,2,2,2,2,2,30,40,7,15,30,18,25,400,0,1,1000,10,0
异界之门,227,19,5,100,0,0,0,0,0,9998,0,999,999,999,0,0,0,0,0,0,0,0,0,0,0,0,200,200,0,0,0,0,0,,狮王商业服务端
英者宝宝,228,1,6,80,0,0,0,130,0,10,2500,0,30,30,30,2,2,2,2,2,2,2,30,40,7,15,30,18,25,400,0,1,1000,10,0
猿猴战将,218,19,155,45,0,1,0,30,1210,700,0,4,4,10,5,5,-3,-4,5,-4,-1,32,48,6,33,49,18,22,1000,0,1,1500,0,,狮王商业服务端
猿猴战将0,218,19,155,45,0,1,0,40,1210,700,0,4,4,10,5,5,-3,-4,5,-4,-1,32,48,6,33,49,18,22,1000,0,1,1500,0,,狮王商业服务端
猿猴战士,217,19,154,45,0,1,0,30,1210,700,0,4,4,10,4,5,-2,-5,5,-4,-1,32,48,6,33,49,18,22,1000,0,1,1500,0,,狮王商业服务端
猿猴战士0,217,19,154,45,0,1,0,40,1210,700,0,4,4,10,4,5,-2,-5,5,-4,-1,32,48,6,33,49,18,22,1000,0,1,1500,0,,狮王商业服务端
猿猴战士4,52,21,26,147,0,0,0,100,2,9999,0,0,0,11,0,0,0,0,0,0,0,900,900,0,0,0,5,25,5,5,5,5,0,,狮王商业服务端
月魔蜘蛛,105,37,101,35,0,1,2,20,500,340,0,3,3,8,0,-1,1,0,1,-1,0,29,29,6,29,29,18,21,1500,0,1,2000,0,,狮王商业服务端
月魔蜘蛛88,105,37,101,55,0,1,2,20,0,12000,2300,0,2,2,33,0,-1,1,0,1,-1,0,55,65,6,31,31,18,21,1800,0,1,2200,0,0
震天魔神,223,19,164,95,0,0,0,100,15000,11250,0,60,60,110,-1,5,-1,5,-2,5,4,220,275,6,160,215,23,25,800,0,1,1500,10,,狮王商业服务端
震天魔神02,223,19,164,95,0,0,0,100,15000,11250,0,70,70,110,-3,5,-3,5,-4,5,2,220,275,6,101,145,23,25,800,0,1,1500,10,NULL,狮王商业服务端
震天魔神1,223,19,164,95,0,0,0,100,15000,11250,0,70,70,110,-3,5,-3,5,-4,5,2,220,275,6,101,145,23,25,800,0,1,1500,10,,狮王商业服务端
震天魔神10,223,19,164,95,0,0,0,100,12000,10000,0,50,50,60,-2,5,-2,5,-3,5,4,150,190,6,120,160,23,25,800,0,1,1500,10,NULL,狮王商业服务端
震天魔神9,223,19,164,95,0,0,0,100,12000,10000,0,50,50,60,-2,5,-2,5,-3,5,4,150,190,6,120,160,23,25,800,0,1,1500,10,,狮王商业服务端
震天神兵,223,19,164,95,0,0,0,100,100000,11250,0,60,60,97,-4,5,-4,5,-5,5,2,220,275,6,121,165,23,25,800,0,1,1500,10,,狮王商业服务端
震天首将,222,19,161,79,0,0,0,100,9000,4500,0,27,27,44,-3,5,-3,5,-4,5,2,66,110,1,66,99,23,25,1000,0,1,1500,10,,狮王商业服务端
蜘蛛娃,81,19,149,20,0,1,0,10,240,160,0,0,0,5,0,0,0,0,0,0,0,11,23,0,0,0,13,15,1000,0,1,1800,0,,狮王商业服务端
蜘蛛娃0,81,19,149,20,0,1,0,20,240,160,0,0,0,5,0,0,0,0,0,0,0,11,23,0,0,0,13,15,1000,0,1,1800,0,,狮王商业服务端
掷斧骷髅,87,15,33,18,1,0,0,10,100,100,0,0,0,3,0,0,0,0,0,0,0,9,13,0,0,0,12,14,2000,0,1,2500,0,,狮王商业服务端
掷斧骷髅0,87,15,33,18,1,0,0,20,100,100,0,0,0,3,0,0,0,0,0,0,0,9,13,0,0,0,12,14,2000,0,1,2500,0,,狮王商业服务端
掷斧骷髅61,87,15,33,18,1,0,0,10,1,100,0,1,1,3,0,0,0,0,0,0,0,9,13,0,0,0,12,14,2000,0,1,2500,0,,狮王商业服务端
掷斧骷髅62,87,15,33,18,1,0,0,10,1,100,0,1,1,3,0,0,0,0,0,0,0,9,13,0,0,0,12,14,2000,0,1,2500,0,,狮王商业服务端
猪,52,11,119,3,0,1,0,0,8,20,0,0,0,0,0,0,0,0,0,0,0,0,3,0,0,0,5,8,1500,0,1,3000,0,,狮王商业服务端
祖玛雕像,101,47,83,45,1,0,10,40,2500,1200,0,5,5,12,-5,0,5,5,4,-3,-3,37,55,0,0,0,18,22,900,0,1,2000,0,,狮王商业服务端
祖玛雕像0,101,47,83,45,1,0,10,50,2500,1200,0,5,5,12,-5,0,5,5,4,-3,-3,37,55,0,0,0,18,22,900,0,1,2000,0,,狮王商业服务端
祖玛雕像4,52,21,26,150,0,0,0,100,1,9999,0,0,0,11,0,0,0,0,0,0,0,900,900,0,0,0,5,25,5,5,5,5,0,,狮王商业服务端
祖玛雕像91,101,47,83,45,1,0,10,40,2500,1200,0,6,6,26,-5,0,5,5,4,-3,-3,54,66,0,0,0,18,22,900,0,1,2000,0,,狮王商业服务端
祖玛弓箭手,104,45,82,45,0,0,0,50,2900,1400,0,6,6,13,-3,-2,5,5,5,-5,-1,40,57,0,0,0,18,22,1000,0,1,2200,0,,狮王商业服务端
祖玛弓箭手0,104,45,82,45,0,0,0,60,2900,1400,0,6,6,13,-3,-2,5,5,5,-5,-1,40,57,0,0,0,18,22,1000,0,1,2200,0,,狮王商业服务端
祖玛弓箭手4,52,21,26,150,0,0,0,100,1,9999,0,0,0,11,0,0,0,0,0,0,0,900,900,0,0,0,5,25,5,5,5,5,0,,狮王商业服务端
祖玛弓箭手77,104,45,82,60,0,0,0,60,7800,2800,0,36,36,78,-2,-1,5,5,-3,4,-1,120,170,0,0,0,18,22,1000,0,1,2200,0,,狮王商业服务端
祖玛弓箭手92,104,45,82,45,0,0,0,50,2900,1400,0,8,8,27,-3,-2,5,5,5,-5,-1,64,91,0,0,0,18,22,1000,0,1,2200,0,,狮王商业服务端
祖玛教主,102,49,85,94,1,0,0,100,14000,10500,0,55,55,115,-2,2,5,5,5,-1,0,154,253,1,180,240,23,25,1000,0,1,1500,10,,狮王商业服务端
祖玛教主1,102,49,85,94,1,0,0,100,14000,10500,0,85,85,125,-4,0,5,5,5,-2,-2,154,253,1,130,210,23,25,1000,0,1,1500,10,,狮王商业服务端
祖玛教主10,102,49,85,94,1,0,0,100,10000,8000,0,33,33,60,-3,1,5,5,5,-2,0,90,140,1,90,140,23,25,1000,0,1,1500,10,NULL,狮王商业服务端
祖玛教主62,102,49,85,85,1,0,0,100,1,10000,0,55,55,66,0,0,0,0,0,0,0,110,150,1,110,150,23,25,1000,0,1,1500,0,,狮王商业服务端
祖玛教主9,102,49,85,94,1,0,0,100,10000,8000,0,33,33,60,-3,1,5,5,5,-2,0,90,140,1,90,140,23,25,1000,0,1,1500,10,,狮王商业服务端
祖玛卫士,101,47,84,45,1,0,10,40,2700,1300,0,5,5,12,-5,0,5,5,5,-4,-2,37,57,0,0,0,18,22,800,0,1,2000,0,,狮王商业服务端
祖玛卫士0,101,47,84,45,1,0,10,50,2700,1300,0,5,5,12,-5,0,5,5,5,-4,-2,37,57,0,0,0,18,22,800,0,1,2000,0,,狮王商业服务端
祖玛卫士4,101,47,84,45,1,0,10,50,2700,1300,0,5,5,12,-5,0,5,5,5,-4,-2,37,57,0,0,0,18,22,800,0,1,2000,0,NULL,狮王商业服务端
祖玛卫士90,101,47,84,45,1,0,10,40,2700,1300,0,6,6,26,-5,0,5,5,5,-4,-2,59,91,0,0,0,18,22,800,0,1,2000,0,,狮王商业服务端
尊者宝宝,228,0,7,85,0,0,0,140,0,10,2700,0,32,32,32,2,2,2,2,2,2,2,30,40,7,15,30,18,25,400,0,1,1000,10,0
